index,time_srv,open,high,low,close,atr,live
0,2025.05.20 12:00,8660.500000,8660.700000,8636.000000,8636.000000,24.7000000,0
1,2025.05.20 16:00,8635.900000,8643.100000,8630.600000,8636.000000,18.6000000,0
2,2025.05.20 20:00,8636.100000,8649.900000,8630.600000,8632.600000,18.8333333,0
3,2025.05.21 00:00,8632.700000,8636.000000,8620.200000,8636.000000,18.0750000,0
4,2025.05.21 04:00,8635.900000,8636.900000,8613.600000,8615.800000,19.1200000,0
5,2025.05.21 08:00,8615.900000,8615.900000,8585.500000,8589.400000,21.0000000,0
6,2025.05.21 12:00,8589.300000,8596.000000,8585.400000,8591.000000,19.5142857,0
7,2025.05.21 16:00,8591.100000,8598.200000,8578.300000,8583.200000,19.5625000,0
8,2025.05.21 20:00,8583.300000,8609.800000,8580.100000,8605.200000,20.6888889,0
9,2025.05.22 00:00,8605.300000,8620.800000,8602.600000,8609.200000,20.4400000,0
10,2025.05.22 04:00,8609.100000,8618.300000,8596.700000,8617.000000,20.5454545,0
11,2025.05.22 08:00,8616.900000,8622.800000,8604.500000,8616.000000,20.3583333,0
12,2025.05.22 12:00,8616.100000,8629.700000,8609.900000,8629.200000,20.3153846,0
13,2025.05.22 16:00,8629.100000,8640.100000,8627.100000,8630.200000,19.7928571,0
14,2025.05.22 20:00,8630.100000,8650.600000,8629.900000,8648.400000,19.8576531,0
15,2025.05.23 00:00,8648.300000,8653.100000,8632.700000,8643.400000,19.8963921,0
16,2025.05.23 04:00,8643.500000,8647.600000,8631.800000,8636.200000,19.6037927,0
17,2025.05.23 08:00,8636.300000,8641.500000,8626.600000,8635.400000,19.2678075,0
18,2025.05.23 12:00,8635.500000,8636.800000,8621.200000,8625.800000,19.0058212,0
19,2025.05.23 16:00,8625.700000,8637.400000,8622.500000,8629.600000,18.7125483,0
20,2025.05.23 20:00,8629.700000,8630.600000,8598.100000,8598.800000,19.6973663,0
21,2025.05.24 00:00,8598.700000,8600.700000,8586.900000,8599.000000,19.2761258,0
22,2025.05.24 04:00,8598.900000,8607.800000,8591.800000,8605.800000,19.0421168,0
23,2025.05.24 08:00,8605.900000,8621.300000,8601.100000,8619.000000,19.1248228,0
24,2025.05.24 12:00,8618.900000,8630.100000,8612.900000,8626.600000,18.9873354,0
25,2025.05.24 16:00,8626.700000,8631.900000,8611.200000,8614.600000,19.1096686,0
26,2025.05.24 20:00,8614.700000,8628.000000,8612.000000,8615.800000,18.8875494,0
27,2025.05.25 00:00,8615.700000,8647.400000,8615.500000,8646.800000,19.8170102,0
28,2025.05.25 04:00,8646.700000,8660.600000,8643.100000,8657.000000,19.6515095,0
29,2025.05.25 08:00,8656.900000,8659.800000,8643.400000,8649.800000,19.4192588,0
30,2025.05.25 12:00,8649.700000,8655.800000,8636.600000,8643.200000,19.4035974,0
31,2025.05.25 16:00,8643.300000,8647.500000,8629.500000,8641.000000,19.3033405,0
32,2025.05.25 20:00,8641.100000,8644.100000,8616.600000,8619.400000,19.8888162,0
33,2025.05.26 00:00,8619.300000,8621.500000,8608.600000,8610.100000,19.3896150,0
34,2025.05.26 04:00,8610.200000,8632.900000,8609.700000,8629.300000,19.6617854,0
35,2025.05.26 08:00,8629.200000,8638.300000,8616.100000,8617.100000,19.8430864,0
36,2025.05.26 12:00,8617.200000,8617.500000,8602.200000,8609.700000,19.5185802,0
37,2025.05.26 16:00,8609.600000,8623.900000,8599.100000,8622.100000,19.8958245,0
38,2025.05.26 20:00,8622.200000,8625.700000,8595.400000,8597.100000,20.6389799,0
39,2025.05.27 00:00,8597.200000,8600.900000,8587.400000,8595.700000,20.1290528,0
40,2025.05.27 04:00,8595.600000,8608.100000,8586.300000,8591.700000,20.2484061,0
41,2025.05.27 08:00,8591.600000,8593.000000,8576.100000,8576.700000,20.0092343,0
42,2025.05.27 12:00,8576.800000,8578.500000,8566.100000,8572.300000,19.4657175,0
43,2025.05.27 16:00,8572.200000,8585.300000,8569.900000,8582.700000,19.1753091,0
44,2025.05.27 20:00,8582.800000,8592.800000,8577.700000,8588.100000,18.8842156,0
45,2025.05.28 00:00,8588.000000,8608.000000,8587.000000,8603.300000,19.0353431,0
46,2025.05.28 04:00,8603.200000,8620.100000,8598.600000,8615.500000,19.2113900,0
47,2025.05.28 08:00,8615.400000,8623.700000,8606.600000,8617.900000,19.0605764,0
48,2025.05.28 12:00,8618.000000,8620.900000,8597.300000,8608.300000,19.3848210,0
49,2025.05.28 16:00,8608.400000,8633.700000,8607.800000,8625.300000,19.8501909,0
50,2025.05.28 20:00,8625.200000,8636.900000,8619.500000,8622.100000,19.6751773,0
51,2025.05.29 00:00,8622.200000,8625.200000,8614.900000,8620.300000,19.0055218,0
52,2025.05.29 04:00,8620.200000,8629.700000,8612.700000,8626.300000,18.8622702,0
53,2025.05.29 08:00,8626.200000,8638.800000,8624.500000,8637.500000,18.5363938,0
54,2025.05.29 12:00,8637.400000,8649.500000,8627.800000,8628.900000,18.7623656,0
55,2025.05.29 16:00,8628.800000,8631.400000,8605.000000,8610.300000,19.3079109,0
56,2025.05.29 20:00,8610.400000,8642.000000,8608.000000,8639.500000,20.3573459,0
57,2025.05.30 00:00,8639.400000,8645.900000,8627.700000,8643.700000,20.2032497,0
58,2025.05.30 04:00,8643.800000,8661.200000,8641.400000,8660.100000,20.1744462,0
59,2025.05.30 08:00,8660.200000,8675.900000,8658.100000,8667.900000,20.0048429,0
60,2025.05.30 12:00,8667.800000,8678.600000,8660.300000,8675.500000,19.8830684,0
61,2025.05.30 16:00,8675.400000,8677.800000,8654.700000,8657.700000,20.1128492,0
62,2025.05.30 20:00,8657.600000,8671.500000,8655.700000,8660.500000,19.8047886,0
63,2025.05.31 00:00,8660.400000,8662.800000,8642.900000,8650.500000,19.8115894,0
64,2025.05.31 04:00,8650.600000,8657.300000,8641.600000,8648.500000,19.5179044,0
65,2025.05.31 08:00,8648.400000,8651.700000,8628.100000,8628.500000,19.8094827,0
66,2025.05.31 12:00,8628.600000,8633.100000,8612.700000,8615.700000,19.8516625,0
67,2025.05.31 16:00,8615.600000,8616.900000,8592.500000,8597.500000,20.1765437,0
68,2025.05.31 20:00,8597.600000,8603.000000,8589.900000,8593.500000,19.6710763,0
69,2025.06.01 00:00,8593.600000,8594.600000,8579.800000,8587.900000,19.3231423,0
70,2025.06.01 04:00,8587.800000,8595.300000,8581.600000,8592.100000,18.9214893,0
71,2025.06.01 08:00,8592.200000,8597.400000,8581.200000,8581.700000,18.7270972,0
72,2025.06.01 12:00,8581.600000,8582.600000,8560.800000,8560.900000,18.9465903,0
73,2025.06.01 16:00,8560.800000,8564.200000,8535.600000,8539.300000,19.6361195,0
74,2025.06.01 20:00,8539.400000,8542.100000,8528.000000,8537.500000,19.2406824,0
75,2025.06.02 00:00,8537.600000,8546.500000,8533.100000,8535.900000,18.8234908,0
76,2025.06.02 04:00,8535.800000,8555.400000,8534.500000,8547.500000,18.9718129,0
77,2025.06.02 08:00,8547.400000,8551.200000,8531.700000,8539.500000,19.0095405,0
78,2025.06.02 12:00,8539.400000,8553.900000,8531.600000,8552.900000,19.2445734,0
79,2025.06.02 16:00,8553.000000,8562.100000,8550.700000,8558.700000,18.6842467,0
80,2025.06.02 20:00,8558.800000,8560.800000,8548.400000,8549.300000,18.2353719,0
81,2025.06.03 00:00,8549.200000,8566.500000,8547.800000,8564.700000,18.2685597,0
82,2025.06.03 04:00,8564.800000,8569.500000,8560.000000,8562.700000,17.6422340,0
83,2025.06.03 08:00,8562.800000,8563.600000,8550.600000,8557.100000,17.3106458,0
84,2025.06.03 12:00,8557.200000,8575.000000,8554.500000,8555.300000,17.5384568,0
85,2025.06.03 16:00,8555.200000,8558.100000,8545.700000,8554.300000,17.1714242,0
86,2025.06.03 20:00,8554.200000,8578.100000,8553.200000,8574.100000,17.7234653,0
87,2025.06.04 00:00,8574.000000,8591.600000,8567.300000,8585.700000,18.1932178,0
88,2025.06.04 04:00,8585.800000,8598.400000,8585.000000,8589.500000,17.8508451,0
89,2025.06.04 08:00,8589.400000,8595.400000,8582.700000,8592.300000,17.4829276,0
90,2025.06.04 12:00,8592.200000,8617.200000,8592.000000,8610.900000,18.0341471,0
91,2025.06.04 16:00,8610.800000,8625.800000,8607.900000,8623.100000,18.0245651,0
92,2025.06.04 20:00,8623.000000,8635.000000,8621.500000,8634.500000,17.7013819,0
93,2025.06.05 00:00,8634.600000,8637.700000,8606.400000,8607.900000,18.6727118,0
94,2025.06.05 04:00,8607.800000,8622.400000,8606.400000,8619.300000,18.4818038,0
95,2025.06.05 08:00,8619.400000,8623.900000,8602.200000,8603.500000,18.7116749,0
96,2025.06.05 12:00,8603.600000,8614.000000,8597.500000,8607.100000,18.5536982,0
97,2025.06.05 16:00,8607.000000,8624.800000,8600.000000,8604.100000,18.9998626,0
98,2025.06.05 20:00,8604.200000,8604.800000,8586.300000,8596.100000,18.9641581,0
99,2025.06.06 00:00,8596.200000,8602.700000,8584.200000,8589.900000,18.9310040,0
100,2025.06.06 04:00,8589.800000,8597.600000,8574.000000,8579.000000,19.2645037,0
101,2025.06.06 08:00,8579.100000,8579.300000,8558.200000,8567.400000,19.3956106,0
102,2025.06.06 12:00,8567.500000,8579.300000,8565.300000,8573.200000,19.0102098,0
103,2025.06.06 16:00,8573.100000,8578.000000,8559.500000,8573.400000,18.9737662,0
104,2025.06.06 20:00,8573.300000,8579.800000,8568.700000,8579.800000,18.4113544,0
105,2025.06.07 00:00,8579.900000,8585.600000,8552.000000,8560.600000,19.4962576,0
106,2025.06.07 04:00,8560.700000,8562.900000,8548.700000,8560.000000,19.1179535,0
107,2025.06.07 08:00,8559.900000,8564.600000,8542.000000,8548.000000,19.3666711,0
108,2025.06.07 12:00,8548.100000,8548.700000,8531.700000,8532.600000,19.1976232,0
109,2025.06.07 16:00,8532.700000,8543.300000,8529.300000,8542.200000,18.8263644,0
110,2025.06.07 20:00,8542.100000,8547.700000,8530.400000,8535.800000,18.7173384,0
111,2025.06.08 00:00,8535.900000,8543.800000,8529.000000,8534.600000,18.4375285,0
112,2025.06.08 04:00,8534.700000,8548.100000,8530.400000,8544.000000,18.3848479,0
113,2025.06.08 08:00,8544.100000,8556.900000,8536.700000,8540.200000,18.5145016,0
114,2025.06.08 12:00,8540.300000,8544.500000,8531.200000,8537.600000,18.1420372,0
115,2025.06.08 16:00,8537.700000,8546.600000,8529.800000,8531.400000,18.0461774,0
116,2025.06.08 20:00,8531.500000,8535.300000,8520.300000,8525.200000,17.8285933,0
117,2025.06.09 00:00,8525.100000,8541.700000,8517.500000,8537.000000,18.2836938,0
118,2025.06.09 04:00,8537.100000,8557.000000,8536.500000,8553.200000,18.4420014,0
119,2025.06.09 08:00,8553.300000,8553.700000,8524.200000,8526.400000,19.2318584,0
120,2025.06.09 12:00,8526.300000,8536.900000,8523.500000,8535.200000,18.8152971,0
121,2025.06.09 16:00,8535.300000,8550.100000,8530.900000,8548.600000,18.8427759,0
122,2025.06.09 20:00,8548.700000,8562.100000,8537.400000,8539.000000,19.2611490,0
123,2025.06.10 00:00,8538.900000,8541.700000,8519.400000,8522.600000,19.4782098,0
124,2025.06.10 04:00,8522.700000,8527.100000,8515.300000,8521.800000,18.9297662,0
125,2025.06.10 08:00,8521.700000,8529.100000,8508.900000,8529.000000,19.0204972,0
126,2025.06.10 12:00,8529.100000,8534.000000,8520.500000,8526.600000,18.6261760,0
127,2025.06.10 16:00,8526.700000,8527.500000,8503.300000,8508.000000,19.0243063,0
128,2025.06.10 20:00,8508.100000,8513.000000,8489.700000,8499.200000,19.3297130,0
129,2025.06.11 00:00,8499.100000,8506.000000,8483.300000,8485.200000,19.5704478,0
130,2025.06.11 04:00,8485.300000,8485.500000,8469.400000,8477.800000,19.3225586,0
131,2025.06.11 08:00,8477.700000,8480.200000,8463.800000,8478.400000,19.1138045,0
132,2025.06.11 12:00,8478.300000,8481.200000,8455.300000,8455.400000,19.5985327,0
133,2025.06.11 16:00,8455.500000,8474.000000,8451.800000,8470.600000,19.7843518,0
134,2025.06.11 20:00,8470.500000,8479.100000,8466.300000,8474.000000,19.2854695,0
135,2025.06.12 00:00,8473.900000,8474.900000,8461.400000,8467.400000,18.8722217,0
136,2025.06.12 04:00,8467.300000,8477.600000,8463.400000,8466.200000,18.5384916,0
137,2025.06.12 08:00,8466.100000,8470.700000,8458.600000,8465.000000,18.0785993,0
138,2025.06.12 12:00,8464.900000,8479.600000,8461.000000,8462.400000,18.1158422,0
139,2025.06.12 16:00,8462.300000,8487.300000,8455.900000,8479.400000,19.0647106,0
140,2025.06.12 20:00,8479.300000,8480.100000,8454.300000,8455.000000,19.5458027,0
141,2025.06.13 00:00,8455.100000,8456.500000,8422.700000,8426.600000,20.5639597,0
142,2025.06.13 04:00,8426.500000,8439.000000,8421.500000,8434.400000,20.3451054,0
143,2025.06.13 08:00,8434.500000,8437.500000,8417.600000,8428.200000,20.3133122,0
144,2025.06.13 12:00,8428.300000,8444.200000,8415.800000,8440.800000,20.8909327,0
145,2025.06.13 16:00,8440.900000,8446.300000,8428.200000,8441.000000,20.6915804,0
146,2025.06.13 20:00,8440.900000,8442.400000,8415.800000,8416.200000,21.1136104,0
147,2025.06.14 00:00,8416.300000,8421.700000,8407.300000,8412.400000,20.6340668,0
148,2025.06.14 04:00,8412.500000,8434.300000,8412.300000,8432.200000,20.7316334,0
149,2025.06.14 08:00,8432.100000,8451.200000,8430.300000,8450.000000,20.7436596,0
150,2025.06.14 12:00,8449.900000,8455.800000,8431.400000,8433.800000,21.0048268,0
151,2025.06.14 16:00,8433.700000,8451.000000,8433.200000,8439.400000,20.7759106,0
152,2025.06.14 20:00,8439.500000,8446.000000,8424.000000,8436.600000,20.8633455,0
153,2025.06.15 00:00,8436.700000,8459.200000,8435.700000,8459.200000,21.0516780,0
154,2025.06.15 04:00,8459.100000,8469.500000,8455.800000,8463.600000,20.5265581,0
155,2025.06.15 08:00,8463.500000,8464.400000,8437.500000,8443.000000,20.9818040,0
156,2025.06.15 12:00,8442.900000,8455.400000,8441.500000,8443.200000,20.4759609,0
157,2025.06.15 16:00,8443.300000,8464.800000,8440.900000,8457.200000,20.7205351,0
158,2025.06.15 20:00,8457.100000,8460.700000,8437.500000,8438.600000,20.8976397,0
159,2025.06.16 00:00,8438.500000,8443.100000,8423.600000,8427.000000,20.7978083,0
160,2025.06.16 04:00,8426.900000,8432.500000,8418.100000,8424.000000,20.3408220,0
161,2025.06.16 08:00,8423.900000,8434.600000,8414.000000,8420.400000,20.3593347,0
162,2025.06.16 12:00,8420.500000,8421.400000,8399.200000,8401.600000,20.4908108,0
163,2025.06.16 16:00,8401.500000,8416.500000,8400.000000,8412.600000,20.2057529,0
164,2025.06.16 20:00,8412.700000,8417.100000,8399.100000,8415.000000,20.0481991,0
165,2025.06.17 00:00,8414.900000,8421.200000,8389.400000,8394.200000,20.8876135,0
166,2025.06.17 04:00,8394.100000,8401.200000,8385.400000,8394.800000,20.5242125,0
167,2025.06.17 08:00,8394.900000,8407.500000,8389.000000,8398.200000,20.3796259,0
168,2025.06.17 12:00,8398.300000,8401.000000,8372.700000,8392.600000,20.9453669,0
169,2025.06.17 16:00,8392.500000,8411.200000,8392.000000,8404.000000,20.8206978,0
170,2025.06.17 20:00,8404.100000,8406.700000,8394.200000,8400.400000,20.2263623,0
171,2025.06.18 00:00,8400.500000,8403.000000,8387.400000,8390.000000,19.8959078,0
172,2025.06.18 04:00,8389.900000,8397.700000,8379.200000,8383.800000,19.7962001,0
173,2025.06.18 08:00,8383.700000,8402.100000,8376.900000,8392.400000,20.1821858,0
174,2025.06.18 12:00,8392.300000,8409.300000,8390.800000,8401.800000,20.0620297,0
175,2025.06.18 16:00,8401.700000,8433.000000,8399.800000,8426.200000,21.0004562,0
176,2025.06.18 20:00,8426.100000,8451.500000,8422.500000,8447.600000,21.5718521,0
177,2025.06.19 00:00,8447.500000,8460.600000,8445.300000,8459.200000,21.1238627,0
178,2025.06.19 04:00,8459.100000,8469.200000,8453.400000,8467.400000,20.7435868,0
179,2025.06.19 08:00,8467.500000,8474.500000,8459.800000,8464.800000,20.3119020,0
180,2025.06.19 12:00,8464.900000,8493.800000,8464.800000,8485.600000,20.9324804,0
181,2025.06.19 16:00,8485.500000,8491.900000,8472.200000,8473.200000,20.8444461,0
182,2025.06.19 20:00,8473.300000,8489.800000,8472.200000,8484.200000,20.6127000,0
183,2025.06.20 00:00,8484.100000,8495.400000,8479.300000,8483.200000,20.2903643,0
184,2025.06.20 04:00,8483.100000,8502.300000,8477.000000,8494.000000,20.6481954,0
185,2025.06.20 08:00,8493.900000,8506.000000,8489.700000,8492.800000,20.3376100,0
186,2025.06.20 12:00,8492.700000,8502.800000,8483.900000,8490.600000,20.2349236,0
187,2025.06.20 16:00,8490.700000,8504.200000,8487.600000,8498.000000,19.9752862,0
188,2025.06.20 20:00,8497.900000,8510.800000,8497.300000,8504.400000,19.5127657,0
189,2025.06.21 00:00,8504.500000,8515.200000,8502.900000,8510.200000,18.9975682,0
190,2025.06.21 04:00,8510.100000,8529.900000,8509.500000,8529.200000,19.0977419,0
191,2025.06.21 08:00,8529.300000,8535.600000,8522.600000,8525.400000,18.6621889,0
192,2025.06.21 12:00,8525.300000,8539.100000,8518.600000,8534.600000,18.7934611,0
193,2025.06.21 16:00,8534.500000,8535.200000,8512.200000,8517.200000,19.0939282,0
194,2025.06.21 20:00,8517.300000,8518.100000,8496.300000,8500.600000,19.2872190,0
195,2025.06.22 00:00,8500.500000,8504.900000,8478.000000,8480.200000,19.8309891,0
196,2025.06.22 04:00,8480.100000,8482.400000,8468.600000,8476.000000,19.4002042,0
197,2025.06.22 08:00,8475.900000,8476.500000,8453.500000,8454.800000,19.6573324,0
198,2025.06.22 12:00,8454.900000,8460.600000,8442.100000,8452.800000,19.5746658,0
199,2025.06.22 16:00,8452.700000,8458.600000,8436.800000,8442.000000,19.7336183,0
200,2025.06.22 20:00,8442.100000,8450.400000,8435.000000,8442.200000,19.4240741,0
201,2025.06.23 00:00,8442.100000,8461.400000,8441.400000,8446.000000,19.4652117,0
202,2025.06.23 04:00,8445.900000,8453.000000,8438.700000,8438.800000,19.0962680,0
203,2025.06.23 08:00,8438.700000,8447.900000,8428.000000,8434.400000,19.1536774,0
204,2025.06.23 12:00,8434.300000,8438.800000,8424.400000,8431.000000,18.8141290,0
205,2025.06.23 16:00,8430.900000,8437.600000,8421.100000,8436.000000,18.6488341,0
206,2025.06.23 20:00,8435.900000,8458.000000,8432.300000,8456.000000,19.1524888,0
207,2025.06.24 00:00,8456.100000,8457.900000,8436.900000,8445.600000,19.2844539,0
208,2025.06.24 04:00,8445.700000,8446.900000,8433.900000,8444.400000,18.8355643,0
209,2025.06.24 08:00,8444.300000,8455.800000,8439.200000,8448.600000,18.6758812,0
210,2025.06.24 12:00,8448.700000,8456.900000,8435.800000,8436.800000,18.8490325,0
211,2025.06.24 16:00,8436.700000,8454.500000,8436.100000,8444.800000,18.8169588,0
212,2025.06.24 20:00,8444.900000,8446.500000,8432.600000,8439.000000,18.4657474,0
213,2025.06.25 00:00,8439.100000,8447.900000,8430.900000,8446.000000,18.3610512,0
214,2025.06.25 04:00,8446.100000,8461.500000,8444.900000,8452.400000,18.2352618,0
215,2025.06.25 08:00,8452.300000,8493.500000,8450.800000,8488.800000,19.9827431,0
216,2025.06.25 12:00,8488.700000,8494.400000,8482.800000,8486.400000,19.3839757,0
217,2025.06.25 16:00,8486.300000,8493.000000,8477.800000,8486.000000,19.0851203,0
218,2025.06.25 20:00,8486.100000,8494.600000,8476.000000,8484.200000,19.0504689,0
219,2025.06.26 00:00,8484.100000,8484.800000,8457.400000,8463.200000,19.6468640,0
220,2025.06.26 04:00,8463.300000,8470.700000,8455.900000,8467.000000,19.3006594,0
221,2025.06.26 08:00,8466.900000,8468.100000,8450.100000,8453.400000,19.2077551,0
222,2025.06.26 12:00,8453.500000,8467.000000,8449.500000,8454.800000,19.0857726,0
223,2025.06.26 16:00,8454.900000,8460.300000,8443.600000,8449.600000,18.9153603,0
224,2025.06.26 20:00,8449.500000,8453.500000,8442.000000,8442.800000,18.3856917,0
225,2025.06.27 00:00,8442.900000,8460.600000,8441.800000,8449.400000,18.4152852,0
226,2025.06.27 04:00,8449.300000,8450.100000,8434.900000,8441.600000,18.1856219,0
227,2025.06.27 08:00,8441.500000,8450.100000,8433.600000,8433.800000,18.0652204,0
228,2025.06.27 12:00,8433.900000,8442.600000,8425.900000,8426.200000,17.9677046,0
229,2025.06.27 16:00,8426.300000,8432.500000,8417.900000,8419.200000,17.7271543,0
230,2025.06.27 20:00,8419.100000,8423.600000,8411.300000,8417.200000,17.3395004,0
231,2025.06.28 00:00,8417.100000,8433.000000,8415.000000,8418.000000,17.3866790,0
232,2025.06.28 04:00,8417.900000,8436.900000,8415.300000,8436.200000,17.6876305,0
233,2025.06.28 08:00,8436.300000,8456.900000,8436.000000,8442.800000,17.9170854,0
234,2025.06.28 12:00,8442.900000,8443.300000,8431.000000,8431.200000,17.5158650,0
235,2025.06.28 16:00,8431.300000,8443.800000,8428.300000,8442.000000,17.3718747,0
236,2025.06.28 20:00,8442.100000,8461.900000,8438.400000,8453.600000,17.8095979,0
237,2025.06.29 00:00,8453.500000,8474.300000,8451.800000,8466.600000,18.1446266,0
238,2025.06.29 04:00,8466.700000,8477.600000,8458.000000,8472.600000,18.2485819,0
239,2025.06.29 08:00,8472.500000,8481.900000,8467.600000,8472.000000,17.9665403,0
240,2025.06.29 12:00,8471.900000,8476.400000,8465.900000,8472.800000,17.4332160,0
241,2025.06.29 16:00,8472.900000,8481.500000,8448.700000,8455.600000,18.5308434,0
242,2025.06.29 20:00,8455.700000,8474.000000,8454.500000,8459.800000,18.6000689,0
243,2025.06.30 00:00,8459.900000,8471.900000,8457.800000,8467.400000,18.2786354,0
244,2025.06.30 04:00,8467.300000,8494.900000,8467.300000,8490.600000,18.9444472,0
245,2025.06.30 08:00,8490.700000,8506.000000,8486.900000,8502.200000,18.9555581,0
246,2025.06.30 12:00,8502.300000,8505.600000,8482.600000,8482.800000,19.2444468,0
247,2025.06.30 16:00,8482.700000,8489.000000,8470.500000,8488.600000,19.1912720,0
248,2025.06.30 20:00,8488.700000,8489.100000,8471.700000,8482.600000,19.0633240,0
249,2025.07.01 00:00,8482.500000,8487.100000,8475.600000,8483.600000,18.5230866,0
250,2025.07.01 04:00,8483.500000,8492.800000,8479.400000,8492.400000,18.1571518,0
251,2025.07.01 08:00,8492.300000,8501.300000,8488.400000,8496.600000,17.7816410,0
252,2025.07.01 12:00,8496.500000,8508.000000,8493.600000,8499.400000,17.5400952,0
253,2025.07.01 16:00,8499.300000,8508.600000,8492.600000,8499.600000,17.4300884,0
254,2025.07.01 20:00,8499.500000,8504.400000,8484.500000,8490.600000,17.6065107,0
255,2025.07.02 00:00,8490.700000,8491.700000,8475.200000,8480.600000,17.5274742,0
256,2025.07.02 04:00,8480.500000,8482.100000,8467.300000,8470.400000,17.3326546,0
257,2025.07.02 08:00,8470.500000,8482.300000,8463.700000,8469.600000,17.4231793,0
258,2025.07.02 12:00,8469.500000,8483.800000,8469.100000,8477.800000,17.2286665,0
259,2025.07.02 16:00,8477.700000,8477.800000,8447.300000,8453.200000,18.1766189,0
260,2025.07.02 20:00,8453.100000,8466.000000,8443.700000,8463.400000,18.4711461,0
261,2025.07.03 00:00,8463.500000,8467.400000,8445.000000,8456.200000,18.7517785,0
262,2025.07.03 04:00,8456.300000,8470.900000,8454.900000,8467.800000,18.5552229,0
263,2025.07.03 08:00,8467.900000,8471.700000,8448.700000,8453.600000,18.8727070,0
264,2025.07.03 12:00,8453.700000,8455.000000,8437.200000,8446.000000,18.7960851,0
265,2025.07.03 16:00,8445.900000,8470.100000,8440.800000,8460.400000,19.5463647,0
266,2025.07.03 20:00,8460.500000,8465.000000,8453.800000,8458.600000,18.9501958,0
267,2025.07.04 00:00,8458.500000,8474.400000,8455.900000,8470.200000,18.9180389,0
268,2025.07.04 04:00,8470.300000,8473.100000,8460.500000,8466.600000,18.4667504,0
269,2025.07.04 08:00,8466.500000,8488.300000,8464.700000,8472.200000,18.8334111,0
270,2025.07.04 12:00,8472.100000,8479.300000,8466.000000,8470.200000,18.4381675,0
271,2025.07.04 16:00,8470.300000,8476.700000,8456.800000,8476.000000,18.5425841,0
272,2025.07.04 20:00,8475.900000,8504.700000,8474.100000,8502.200000,19.4038281,0
273,2025.07.05 00:00,8502.100000,8515.100000,8494.900000,8508.800000,19.4606975,0
274,2025.07.05 04:00,8508.700000,8512.600000,8498.700000,8505.000000,19.0635048,0
275,2025.07.05 08:00,8505.100000,8513.300000,8497.400000,8504.600000,18.8375402,0
276,2025.07.05 12:00,8504.700000,8512.400000,8504.100000,8509.200000,18.0848588,0
277,2025.07.05 16:00,8509.300000,8514.800000,8500.600000,8510.400000,17.8073688,0
278,2025.07.05 20:00,8510.500000,8514.900000,8492.400000,8496.800000,18.1425568,0
279,2025.07.06 00:00,8496.900000,8504.800000,8484.600000,8501.800000,18.2895170,0
280,2025.07.06 04:00,8501.900000,8503.800000,8486.400000,8500.600000,18.2259801,0
281,2025.07.06 08:00,8500.500000,8512.000000,8496.900000,8502.600000,18.0026958,0
282,2025.07.06 12:00,8502.700000,8511.200000,8494.600000,8498.800000,17.9025032,0
283,2025.07.06 16:00,8498.700000,8504.200000,8483.000000,8486.400000,18.1380387,0
284,2025.07.06 20:00,8486.500000,8493.600000,8480.800000,8489.600000,17.7567502,0
285,2025.07.07 00:00,8489.700000,8500.200000,8489.100000,8493.400000,17.2812681,0
286,2025.07.07 04:00,8493.300000,8504.500000,8488.800000,8492.000000,17.1683204,0
287,2025.07.07 08:00,8492.100000,8500.000000,8470.400000,8472.400000,18.0562975,0
288,2025.07.07 12:00,8472.300000,8494.900000,8471.300000,8488.400000,18.4522762,0
289,2025.07.07 16:00,8488.300000,8496.000000,8472.800000,8480.600000,18.7913994,0
290,2025.07.07 20:00,8480.700000,8490.000000,8476.300000,8480.000000,18.4277280,0
291,2025.07.08 00:00,8480.100000,8488.100000,8473.700000,8479.800000,18.1400331,0
292,2025.07.08 04:00,8479.900000,8483.500000,8462.200000,8463.400000,18.3657450,0
293,2025.07.08 08:00,8463.300000,8465.100000,8449.300000,8462.400000,18.1824775,0
294,2025.07.08 12:00,8462.500000,8466.600000,8442.800000,8447.600000,18.5837291,0
295,2025.07.08 16:00,8447.700000,8460.100000,8442.500000,8452.400000,18.5134628,0
296,2025.07.08 20:00,8452.500000,8456.400000,8443.300000,8446.600000,18.1267869,0
297,2025.07.09 00:00,8446.500000,8450.800000,8436.800000,8438.800000,17.8320164,0
298,2025.07.09 04:00,8438.900000,8441.000000,8418.900000,8419.200000,18.1368723,0
299,2025.07.09 08:00,8419.300000,8429.600000,8413.200000,8426.000000,18.0128100,0
300,2025.07.09 12:00,8426.100000,8436.200000,8424.000000,8427.400000,17.5976093,0
301,2025.07.09 16:00,8427.300000,8430.400000,8402.500000,8403.000000,18.3334944,0
302,2025.07.09 20:00,8402.900000,8422.600000,8400.100000,8404.800000,18.6311019,0
303,2025.07.10 00:00,8404.700000,8432.400000,8403.900000,8430.400000,19.3360232,0
304,2025.07.10 04:00,8430.500000,8441.800000,8426.000000,8438.200000,19.0834501,0
305,2025.07.10 08:00,8438.100000,8440.500000,8405.200000,8405.800000,20.2417751,0
306,2025.07.10 12:00,8405.900000,8411.800000,8396.900000,8399.600000,19.8602197,0
307,2025.07.10 16:00,8399.700000,8402.300000,8374.300000,8381.800000,20.4416326,0
308,2025.07.10 20:00,8381.700000,8395.100000,8378.900000,8381.400000,20.1386589,0
309,2025.07.11 00:00,8381.500000,8383.000000,8358.000000,8359.800000,20.4858975,0
310,2025.07.11 04:00,8359.700000,8362.200000,8343.500000,8349.600000,20.3583334,0
311,2025.07.11 08:00,8349.500000,8351.800000,8328.000000,8338.200000,20.6041667,0
312,2025.07.11 12:00,8338.100000,8341.400000,8310.300000,8310.600000,21.3538691,0
313,2025.07.11 16:00,8310.500000,8329.700000,8304.500000,8328.400000,21.6285927,0
314,2025.07.11 20:00,8328.300000,8338.300000,8326.500000,8334.400000,20.9265504,0
315,2025.07.12 00:00,8334.300000,8342.000000,8321.200000,8321.600000,20.9175111,0
316,2025.07.12 04:00,8321.700000,8325.400000,8309.900000,8324.800000,20.5305460,0
317,2025.07.12 08:00,8324.700000,8325.400000,8309.900000,8319.600000,20.1712213,0
318,2025.07.12 12:00,8319.500000,8320.300000,8291.200000,8294.200000,20.8089912,0
319,2025.07.12 16:00,8294.300000,8304.200000,8289.400000,8290.000000,20.3797775,0
320,2025.07.12 20:00,8290.100000,8298.900000,8277.300000,8287.600000,20.4669363,0
321,2025.07.13 00:00,8287.500000,8290.200000,8269.900000,8270.000000,20.4550123,0
322,2025.07.13 04:00,8269.900000,8304.900000,8269.900000,8303.400000,21.4939400,0
323,2025.07.13 08:00,8303.300000,8303.700000,8271.800000,8272.800000,22.2372300,0
324,2025.07.13 12:00,8272.700000,8273.400000,8254.900000,8257.200000,21.9702850,0
325,2025.07.13 16:00,8257.100000,8260.100000,8249.900000,8258.200000,21.1295503,0
326,2025.07.13 20:00,8258.100000,8261.500000,8250.800000,8251.600000,20.3845825,0
327,2025.07.14 00:00,8251.500000,8266.000000,8248.000000,8255.400000,20.2142551,0
328,2025.07.14 04:00,8255.300000,8255.500000,8233.800000,8240.400000,20.3203798,0
329,2025.07.14 08:00,8240.300000,8252.500000,8232.900000,8251.200000,20.2689241,0
330,2025.07.14 12:00,8251.300000,8251.600000,8232.300000,8233.400000,20.1997152,0
331,2025.07.14 16:00,8233.500000,8241.500000,8228.800000,8239.200000,19.6640213,0
332,2025.07.14 20:00,8239.300000,8246.900000,8233.700000,8246.400000,19.2023055,0
333,2025.07.15 00:00,8246.300000,8256.600000,8241.800000,8245.800000,18.8878551,0
334,2025.07.15 04:00,8245.900000,8259.000000,8244.300000,8247.600000,18.5887226,0
335,2025.07.15 08:00,8247.700000,8264.200000,8240.000000,8246.200000,18.9895281,0
336,2025.07.15 12:00,8246.300000,8248.000000,8231.100000,8231.400000,18.8402761,0
337,2025.07.15 16:00,8231.500000,8244.900000,8230.100000,8239.000000,18.5516849,0
338,2025.07.15 20:00,8239.100000,8269.500000,8239.000000,8267.400000,19.4051360,0
339,2025.07.16 00:00,8267.300000,8277.100000,8253.500000,8270.000000,19.7047692,0
340,2025.07.16 04:00,8269.900000,8292.800000,8266.900000,8292.600000,20.1472856,0
341,2025.07.16 08:00,8292.500000,8297.200000,8279.500000,8288.600000,19.9724795,0
342,2025.07.16 12:00,8288.500000,8298.100000,8279.900000,8297.200000,19.8458738,0
343,2025.07.16 16:00,8297.300000,8302.400000,8276.700000,8279.600000,20.2640257,0
344,2025.07.16 20:00,8279.700000,8313.800000,8279.700000,8311.400000,21.2594525,0
345,2025.07.17 00:00,8311.500000,8314.200000,8298.600000,8303.000000,20.8552058,0
346,2025.07.17 04:00,8302.900000,8328.100000,8300.600000,8322.800000,21.3298340,0
347,2025.07.17 08:00,8322.900000,8333.000000,8321.500000,8324.200000,20.6277030,0
348,2025.07.17 12:00,8324.300000,8332.800000,8316.900000,8327.600000,20.2900099,0
349,2025.07.17 16:00,8327.700000,8330.200000,8310.200000,8323.400000,20.2692949,0
350,2025.07.17 20:00,8323.500000,8329.000000,8303.300000,8307.600000,20.6572024,0
351,2025.07.18 00:00,8307.700000,8315.700000,8293.400000,8307.400000,20.7745451,0
352,2025.07.18 04:00,8307.300000,8311.300000,8286.100000,8290.600000,21.0906490,0
353,2025.07.18 08:00,8290.700000,8291.300000,8267.400000,8271.200000,21.2913170,0
354,2025.07.18 12:00,8271.100000,8292.100000,8269.400000,8283.800000,21.3919372,0
355,2025.07.18 16:00,8283.700000,8291.200000,8280.900000,8288.200000,20.5996560,0
356,2025.07.18 20:00,8288.100000,8288.600000,8260.500000,8261.600000,21.1353948,0
357,2025.07.19 00:00,8261.700000,8287.700000,8260.700000,8282.800000,21.5542952,0
358,2025.07.19 04:00,8282.900000,8283.200000,8264.800000,8266.600000,21.3289884,0
359,2025.07.19 08:00,8266.500000,8268.700000,8252.100000,8265.200000,20.9912035,0
360,2025.07.19 12:00,8265.100000,8265.200000,8253.800000,8260.600000,20.3061175,0
361,2025.07.19 16:00,8260.700000,8261.100000,8249.900000,8258.200000,19.6556806,0
362,2025.07.19 20:00,8258.300000,8265.500000,8242.300000,8244.400000,19.9088462,0
363,2025.07.20 00:00,8244.300000,8263.800000,8243.500000,8262.200000,19.9367858,0
364,2025.07.20 04:00,8262.100000,8273.800000,8259.700000,8271.600000,19.5198725,0
365,2025.07.20 08:00,8271.700000,8278.000000,8267.300000,8271.200000,18.8898816,0
366,2025.07.20 12:00,8271.300000,8271.900000,8246.100000,8247.600000,19.3834615,0
367,2025.07.20 16:00,8247.500000,8263.500000,8246.400000,8252.600000,19.2203571,0
368,2025.07.20 20:00,8252.700000,8261.000000,8238.900000,8244.000000,19.4260459,0
369,2025.07.21 00:00,8243.900000,8250.800000,8234.500000,8249.800000,19.2027569,0
370,2025.07.21 04:00,8249.700000,8280.700000,8247.600000,8278.800000,20.1954171,0
371,2025.07.21 08:00,8278.900000,8283.900000,8254.500000,8256.400000,20.8528873,0
372,2025.07.21 12:00,8256.300000,8269.200000,8245.500000,8249.000000,21.0562525,0
373,2025.07.21 16:00,8248.900000,8255.600000,8242.600000,8242.800000,20.4808059,0
374,2025.07.21 20:00,8242.700000,8245.000000,8232.000000,8234.200000,19.9464626,0
375,2025.07.22 00:00,8234.100000,8240.600000,8231.400000,8239.200000,19.1788582,0
376,2025.07.22 04:00,8239.100000,8243.300000,8217.600000,8233.800000,19.6446540,0
377,2025.07.22 08:00,8233.700000,8243.200000,8225.500000,8230.000000,19.5057501,0
378,2025.07.22 12:00,8230.100000,8237.600000,8221.900000,8236.200000,19.2339109,0
379,2025.07.22 16:00,8236.300000,8244.600000,8226.900000,8230.000000,19.1243458,0
380,2025.07.22 20:00,8230.100000,8241.500000,8228.800000,8234.200000,18.6654639,0
381,2025.07.23 00:00,8234.100000,8249.600000,8226.000000,8234.800000,19.0179308,0
382,2025.07.23 04:00,8234.900000,8238.400000,8224.600000,8233.400000,18.6452215,0
383,2025.07.23 08:00,8233.300000,8244.400000,8225.600000,8234.600000,18.6562771,0
384,2025.07.23 12:00,8234.500000,8236.800000,8221.400000,8222.000000,18.4236859,0
385,2025.07.23 16:00,8222.100000,8230.400000,8213.800000,8216.600000,18.2934226,0
386,2025.07.23 20:00,8216.700000,8247.200000,8212.800000,8235.600000,19.4438924,0
387,2025.07.24 00:00,8235.700000,8246.600000,8231.800000,8240.800000,19.1121858,0
388,2025.07.24 04:00,8240.700000,8244.500000,8222.900000,8231.400000,19.2898868,0
389,2025.07.24 08:00,8231.500000,8245.100000,8229.100000,8238.600000,19.0548949,0
390,2025.07.24 12:00,8238.500000,8262.200000,8236.300000,8254.200000,19.5438310,0
391,2025.07.24 16:00,8254.300000,8279.100000,8247.200000,8278.600000,20.4264145,0
392,2025.07.24 20:00,8278.500000,8291.700000,8277.100000,8288.400000,20.0102420,0
393,2025.07.25 00:00,8288.500000,8299.400000,8280.900000,8298.200000,19.9023676,0
394,2025.07.25 04:00,8298.100000,8314.700000,8292.800000,8309.400000,20.0450556,0
395,2025.07.25 08:00,8309.500000,8317.600000,8299.100000,8311.600000,19.9346945,0
396,2025.07.25 12:00,8311.700000,8313.600000,8301.400000,8304.200000,19.3822163,0
397,2025.07.25 16:00,8304.100000,8304.300000,8279.100000,8284.600000,19.7977723,0
398,2025.07.25 20:00,8284.500000,8285.400000,8256.600000,8260.400000,20.4407886,0
399,2025.07.26 00:00,8260.500000,8275.000000,8246.200000,8273.200000,21.0378751,0
400,2025.07.26 04:00,8273.100000,8281.800000,8265.600000,8274.000000,20.6923126,0
401,2025.07.26 08:00,8273.900000,8277.000000,8262.500000,8269.200000,20.2500045,0
402,2025.07.26 12:00,8269.100000,8292.100000,8265.500000,8291.600000,20.7035756,0
403,2025.07.26 16:00,8291.700000,8305.400000,8286.100000,8296.800000,20.6033202,0
404,2025.07.26 20:00,8296.700000,8305.300000,8286.100000,8289.200000,20.5030831,0
405,2025.07.27 00:00,8289.300000,8291.100000,8274.300000,8276.600000,20.2385772,0
406,2025.07.27 04:00,8276.500000,8278.400000,8256.600000,8262.000000,20.3501074,0
407,2025.07.27 08:00,8261.900000,8266.800000,8252.200000,8256.400000,19.9393854,0
408,2025.07.27 12:00,8256.500000,8275.800000,8253.800000,8260.000000,20.0865722,0
409,2025.07.27 16:00,8260.100000,8268.300000,8252.400000,8260.600000,19.7875313,0
410,2025.07.27 20:00,8260.700000,8274.300000,8253.300000,8273.200000,19.8741362,0
411,2025.07.28 00:00,8273.300000,8282.900000,8268.000000,8272.300000,19.5188408,0
412,2025.07.28 04:00,8272.200000,8280.800000,8267.700000,8271.900000,19.0603521,0
413,2025.07.28 08:00,8272.000000,8285.000000,8267.700000,8272.700000,18.9346127,0
414,2025.07.28 12:00,8272.600000,8281.700000,8260.400000,8281.700000,19.1035689,0
415,2025.07.28 16:00,8281.800000,8283.200000,8265.300000,8280.900000,19.0175997,0
416,2025.07.28 20:00,8281.000000,8292.100000,8269.400000,8287.500000,19.2806283,0
417,2025.07.29 00:00,8287.600000,8300.100000,8283.600000,8283.700000,19.0820120,0
418,2025.07.29 04:00,8283.800000,8303.400000,8281.400000,8299.300000,19.2904397,0
419,2025.07.29 08:00,8299.200000,8304.900000,8287.000000,8290.500000,19.1911226,0
420,2025.07.29 12:00,8290.400000,8303.400000,8287.900000,8294.500000,18.9274710,0
421,2025.07.29 16:00,8294.600000,8300.300000,8282.300000,8282.500000,18.8612231,0
422,2025.07.29 20:00,8282.400000,8287.500000,8274.300000,8286.100000,18.4568500,0
423,2025.07.30 00:00,8286.000000,8304.600000,8285.600000,8301.500000,18.4956464,0
424,2025.07.30 04:00,8301.400000,8314.500000,8294.500000,8296.500000,18.6031002,0
425,2025.07.30 08:00,8296.400000,8307.200000,8291.200000,8306.500000,18.4171645,0
426,2025.07.30 12:00,8306.400000,8313.800000,8297.700000,8297.700000,18.2516528,0
427,2025.07.30 16:00,8297.800000,8301.800000,8288.500000,8298.500000,17.8979633,0
428,2025.07.30 20:00,8298.600000,8304.200000,8283.000000,8287.300000,18.1338230,0
429,2025.07.31 00:00,8287.400000,8303.100000,8286.800000,8299.500000,18.0028357,0
430,2025.07.31 04:00,8299.400000,8302.300000,8284.900000,8301.900000,17.9597760,0
431,2025.07.31 08:00,8302.000000,8314.100000,8299.900000,8304.100000,17.6912206,0
432,2025.07.31 12:00,8304.000000,8304.800000,8289.100000,8297.100000,17.5489905,0
433,2025.07.31 16:00,8297.200000,8300.600000,8279.200000,8295.300000,17.8240626,0
434,2025.07.31 20:00,8295.200000,8301.700000,8287.900000,8294.500000,17.5366296,0
435,2025.08.01 00:00,8294.400000,8297.400000,8280.000000,8280.700000,17.5268703,0
436,2025.08.01 04:00,8280.600000,8295.500000,8278.800000,8287.900000,17.4678082,0
437,2025.08.01 08:00,8287.800000,8304.700000,8284.400000,8285.500000,17.6701076,0
438,2025.08.01 12:00,8285.400000,8310.300000,8283.100000,8302.100000,18.3508142,0
439,2025.08.01 16:00,8302.000000,8313.000000,8301.000000,8307.900000,17.8971846,0
440,2025.08.01 20:00,8308.000000,8324.500000,8303.700000,8318.900000,18.1045286,0
441,2025.08.02 00:00,8319.000000,8328.800000,8315.000000,8322.900000,17.7970622,0
442,2025.08.02 04:00,8322.800000,8338.900000,8314.600000,8323.300000,18.2615578,0
443,2025.08.02 08:00,8323.200000,8328.500000,8310.900000,8327.900000,18.2143037,0
444,2025.08.02 12:00,8328.000000,8332.700000,8321.600000,8332.300000,17.7061391,0
445,2025.08.02 16:00,8332.200000,8337.500000,8325.300000,8328.100000,17.3128435,0
446,2025.08.02 20:00,8328.000000,8341.300000,8325.800000,8332.300000,17.1833546,0
447,2025.08.03 00:00,8332.400000,8333.400000,8314.000000,8316.700000,17.3416865,0
448,2025.08.03 04:00,8316.600000,8336.300000,8315.000000,8316.100000,17.6244231,0
449,2025.08.03 08:00,8316.200000,8317.400000,8289.000000,8294.500000,18.3941072,0
450,2025.08.03 12:00,8294.400000,8295.500000,8276.700000,8278.900000,18.4230995,0
451,2025.08.03 16:00,8278.800000,8296.100000,8271.500000,8287.700000,18.8643067,0
452,2025.08.03 20:00,8287.600000,8293.000000,8279.600000,8292.700000,18.4739991,0
453,2025.08.04 00:00,8292.600000,8294.900000,8276.000000,8276.300000,18.5044277,0
454,2025.08.04 04:00,8276.200000,8282.500000,8257.200000,8268.500000,18.9898257,0
455,2025.08.04 08:00,8268.400000,8273.600000,8261.900000,8266.500000,18.4691239,0
456,2025.08.04 12:00,8266.400000,8280.700000,8263.100000,8265.700000,18.4070436,0
457,2025.08.04 16:00,8265.800000,8276.700000,8264.600000,8272.700000,17.9565405,0
458,2025.08.04 20:00,8272.800000,8296.900000,8271.500000,8294.500000,18.4882162,0
459,2025.08.05 00:00,8294.600000,8309.500000,8293.300000,8302.100000,18.3247722,0
460,2025.08.05 04:00,8302.200000,8304.400000,8287.300000,8289.900000,18.2372884,0
461,2025.08.05 08:00,8290.000000,8294.500000,8276.700000,8287.900000,18.2060536,0
462,2025.08.05 12:00,8288.000000,8289.100000,8273.500000,8279.700000,18.0199069,0
463,2025.08.05 16:00,8279.600000,8285.400000,8269.500000,8278.700000,17.8684850,0
464,2025.08.05 20:00,8278.600000,8284.700000,8264.900000,8265.900000,18.0064503,0
465,2025.08.06 00:00,8266.000000,8284.700000,8263.800000,8279.300000,18.2131324,0
466,2025.08.06 04:00,8279.200000,8284.900000,8260.600000,8273.900000,18.6479087,0
467,2025.08.06 08:00,8273.800000,8274.600000,8244.100000,8250.300000,19.4944866,0
468,2025.08.06 12:00,8250.200000,8259.200000,8249.200000,8253.500000,18.8163090,0
469,2025.08.06 16:00,8253.400000,8258.000000,8240.600000,8243.900000,18.7151441,0
470,2025.08.06 20:00,8244.000000,8246.700000,8235.300000,8238.500000,18.1926338,0
471,2025.08.07 00:00,8238.400000,8238.400000,8212.700000,8213.100000,18.7360171,0
472,2025.08.07 04:00,8213.000000,8221.000000,8209.300000,8214.700000,18.2334445,0
473,2025.08.07 08:00,8214.800000,8223.900000,8205.200000,8208.300000,18.2667698,0
474,2025.08.07 12:00,8208.400000,8217.200000,8202.600000,8205.700000,18.0048577,0
475,2025.08.07 16:00,8205.600000,8214.500000,8200.200000,8212.700000,17.7402250,0
476,2025.08.07 20:00,8212.800000,8238.000000,8211.800000,8237.500000,18.3444947,0
477,2025.08.08 00:00,8237.400000,8238.100000,8226.200000,8233.900000,17.8841736,0
478,2025.08.08 04:00,8233.800000,8237.000000,8224.200000,8232.500000,17.5210184,0
479,2025.08.08 08:00,8232.600000,8239.200000,8227.100000,8238.300000,17.1338028,0
480,2025.08.08 12:00,8238.400000,8246.200000,8235.100000,8237.900000,16.7028168,0
481,2025.08.08 16:00,8238.000000,8251.100000,8235.200000,8248.100000,16.6454728,0
482,2025.08.08 20:00,8248.000000,8251.400000,8223.200000,8231.300000,17.4707962,0
483,2025.08.09 00:00,8231.400000,8235.500000,8223.300000,8232.700000,17.0943107,0
484,2025.08.09 04:00,8232.800000,8248.900000,8229.600000,8234.700000,17.2518600,0
485,2025.08.09 08:00,8234.800000,8235.800000,8203.600000,8204.900000,18.3195842,0
486,2025.08.09 12:00,8205.000000,8210.200000,8192.900000,8208.100000,18.2467568,0
487,2025.08.09 16:00,8208.200000,8221.700000,8202.000000,8216.900000,18.3505599,0
488,2025.08.09 20:00,8217.000000,8244.600000,8215.500000,8241.500000,19.1183770,0
489,2025.08.10 00:00,8241.600000,8254.800000,8230.600000,8242.700000,19.4813501,0
490,2025.08.10 04:00,8242.600000,8255.700000,8237.100000,8249.300000,19.4183965,0
491,2025.08.10 08:00,8249.400000,8256.700000,8237.600000,8241.500000,19.3956539,0
492,2025.08.10 12:00,8241.400000,8260.800000,8237.500000,8249.500000,19.6745358,0
493,2025.08.10 16:00,8249.600000,8259.500000,8244.800000,8252.300000,19.3192118,0
494,2025.08.10 20:00,8252.200000,8255.800000,8234.800000,8241.100000,19.4392681,0
495,2025.08.11 00:00,8241.000000,8248.500000,8233.900000,8241.700000,19.0936061,0
496,2025.08.11 04:00,8241.600000,8252.900000,8239.400000,8247.500000,18.6940628,0
497,2025.08.11 08:00,8247.600000,8252.000000,8239.900000,8240.700000,18.2230583,0
498,2025.08.11 12:00,8240.800000,8243.400000,8229.900000,8241.300000,17.8856970,0
499,2025.08.11 16:00,8241.200000,8253.300000,8237.900000,8239.100000,17.7081472,0
500,2025.08.11 20:00,8239.200000,8250.300000,8236.100000,8248.700000,17.4575653,0
501,2025.08.12 00:00,8248.600000,8261.100000,8245.300000,8255.300000,17.3391678,0
502,2025.08.12 04:00,8255.200000,8278.000000,8255.200000,8267.100000,17.7292272,0
503,2025.08.12 08:00,8267.200000,8283.500000,8264.800000,8282.500000,17.7985681,0
504,2025.08.12 12:00,8282.600000,8283.200000,8260.400000,8266.500000,18.1558132,0
505,2025.08.12 16:00,8266.400000,8283.200000,8264.800000,8279.900000,18.1732552,0
506,2025.08.12 20:00,8279.800000,8280.700000,8252.000000,8252.500000,18.9251655,0
507,2025.08.13 00:00,8252.400000,8259.500000,8236.800000,8241.100000,19.1947965,0
508,2025.08.13 04:00,8241.000000,8273.300000,8240.100000,8270.900000,20.1951682,0
509,2025.08.13 08:00,8271.000000,8288.500000,8266.900000,8269.900000,20.2955133,0
510,2025.08.13 12:00,8269.800000,8281.300000,8266.900000,8280.500000,19.8744052,0
511,2025.08.13 16:00,8280.400000,8288.300000,8271.200000,8288.300000,19.6762334,0
512,2025.08.13 20:00,8288.400000,8300.700000,8280.100000,8286.500000,19.7422168,0
513,2025.08.14 00:00,8286.400000,8291.000000,8277.600000,8281.100000,19.2892013,0
514,2025.08.14 04:00,8281.000000,8283.700000,8269.800000,8272.900000,18.9042583,0
515,2025.08.14 08:00,8273.000000,8274.200000,8266.000000,8269.700000,18.1396685,0
516,2025.08.14 12:00,8269.600000,8280.800000,8263.100000,8273.100000,18.1082636,0
517,2025.08.14 16:00,8273.000000,8284.100000,8265.000000,8283.500000,18.1791019,0
518,2025.08.14 20:00,8283.600000,8314.700000,8282.300000,8312.900000,19.1948803,0
519,2025.08.15 00:00,8312.800000,8314.100000,8303.700000,8310.900000,18.5666746,0
520,2025.08.15 04:00,8311.000000,8329.200000,8310.100000,8323.500000,18.6047693,0
521,2025.08.15 08:00,8323.600000,8356.100000,8321.900000,8348.500000,19.7187143,0
522,2025.08.15 12:00,8348.600000,8359.300000,8345.900000,8354.700000,19.2673776,0
523,2025.08.15 16:00,8354.800000,8360.200000,8345.200000,8355.900000,18.9625649,0
524,2025.08.15 20:00,8355.800000,8356.800000,8342.200000,8356.100000,18.6509531,0
525,2025.08.16 00:00,8356.000000,8359.700000,8344.700000,8352.700000,18.3901707,0
526,2025.08.16 04:00,8352.600000,8364.000000,8346.300000,8362.500000,18.3408728,0
527,2025.08.16 08:00,8362.400000,8365.100000,8350.500000,8359.300000,18.0736676,0
528,2025.08.16 12:00,8359.400000,8363.100000,8347.400000,8358.700000,17.9041199,0
529,2025.08.16 16:00,8358.800000,8379.200000,8356.800000,8369.300000,18.2252542,0
530,2025.08.16 20:00,8369.400000,8374.600000,8358.900000,8370.900000,18.0448789,0
531,2025.08.17 00:00,8370.800000,8373.600000,8345.400000,8345.900000,18.7702447,0
532,2025.08.17 04:00,8346.000000,8368.800000,8345.700000,8364.900000,19.0795130,0
533,2025.08.17 08:00,8365.000000,8375.000000,8360.600000,8367.300000,18.7452620,0
534,2025.08.17 12:00,8367.200000,8384.300000,8361.700000,8382.100000,19.0206005,0
535,2025.08.17 16:00,8382.200000,8384.600000,8369.000000,8369.900000,18.7762719,0
536,2025.08.17 20:00,8369.800000,8391.400000,8367.100000,8384.100000,19.1708239,0
537,2025.08.18 00:00,8384.200000,8392.000000,8368.200000,8375.300000,19.5014793,0
538,2025.08.18 04:00,8375.200000,8382.600000,8371.200000,8382.500000,18.9228022,0
539,2025.08.18 08:00,8382.400000,8394.600000,8380.100000,8392.900000,18.6068878,0
540,2025.08.18 12:00,8392.800000,8410.100000,8386.800000,8400.100000,18.9421101,0
541,2025.08.18 16:00,8400.200000,8407.000000,8393.300000,8393.700000,18.5676736,0
542,2025.08.18 20:00,8393.600000,8401.600000,8378.000000,8398.500000,18.9271255,0
543,2025.08.19 00:00,8398.400000,8406.100000,8387.100000,8387.500000,18.9323308,0
544,2025.08.19 04:00,8387.400000,8390.100000,8370.700000,8374.700000,18.9657358,0
545,2025.08.19 08:00,8374.600000,8388.700000,8372.300000,8383.300000,18.7824689,0
546,2025.08.19 12:00,8383.200000,8390.000000,8379.500000,8389.900000,18.1908640,0
547,2025.08.19 16:00,8389.800000,8394.800000,8376.400000,8381.700000,18.2058023,0
548,2025.08.19 20:00,8381.800000,8387.400000,8367.300000,8373.700000,18.3411021,0
549,2025.08.20 00:00,8373.600000,8382.600000,8364.700000,8378.900000,18.3095948,0
550,2025.08.20 04:00,8379.000000,8384.300000,8367.900000,8381.700000,18.1731952,0
551,2025.08.20 08:00,8381.800000,8385.800000,8360.700000,8364.700000,18.6679670,0
552,2025.08.20 12:00,8364.800000,8381.600000,8364.600000,8374.100000,18.5488265,0
553,2025.08.20 16:00,8374.000000,8388.500000,8373.200000,8383.300000,18.3167674,0
554,2025.08.20 20:00,8383.400000,8403.600000,8381.500000,8393.300000,18.5869983,0
555,2025.08.21 00:00,8393.400000,8398.100000,8387.200000,8393.700000,18.0379270,0
556,2025.08.21 04:00,8393.800000,8396.100000,8375.900000,8376.500000,18.1923608,0
557,2025.08.21 08:00,8376.600000,8379.500000,8348.000000,8353.900000,19.1429065,0
558,2025.08.21 12:00,8353.800000,8366.500000,8349.900000,8353.900000,18.9612703,0
559,2025.08.21 16:00,8353.800000,8370.600000,8352.700000,8361.500000,18.8854653,0
560,2025.08.21 20:00,8361.400000,8361.600000,8342.700000,8350.700000,18.8865035,0
561,2025.08.22 00:00,8350.800000,8356.900000,8332.900000,8334.700000,19.2517532,0
562,2025.08.22 04:00,8334.800000,8339.100000,8322.300000,8328.500000,19.0766280,0
563,2025.08.22 08:00,8328.400000,8330.000000,8300.900000,8311.700000,19.7925831,0
564,2025.08.22 12:00,8311.600000,8318.800000,8302.800000,8309.900000,19.5216843,0
565,2025.08.22 16:00,8310.000000,8317.000000,8305.100000,8313.100000,18.9772783,0
566,2025.08.22 20:00,8313.200000,8313.400000,8302.800000,8309.700000,18.3789013,0
567,2025.08.23 00:00,8309.800000,8314.500000,8285.400000,8288.300000,19.1446941,0
568,2025.08.23 04:00,8288.400000,8300.700000,8287.200000,8288.100000,18.7415016,0
569,2025.08.23 08:00,8288.200000,8308.100000,8274.700000,8299.500000,19.7885372,0
570,2025.08.23 12:00,8299.400000,8309.700000,8295.200000,8303.500000,19.4107846,0
571,2025.08.23 16:00,8303.400000,8303.500000,8275.700000,8279.500000,20.0100142,0
572,2025.08.23 20:00,8279.600000,8306.000000,8278.400000,8303.900000,20.5521561,0
573,2025.08.24 00:00,8303.800000,8312.100000,8297.700000,8306.900000,20.1127164,0
574,2025.08.24 04:00,8306.800000,8320.300000,8301.200000,8313.300000,20.0403795,0
575,2025.08.24 08:00,8313.200000,8314.400000,8296.200000,8310.700000,19.9089238,0
576,2025.08.24 12:00,8310.600000,8317.500000,8297.200000,8300.300000,19.9368578,0
577,2025.08.24 16:00,8300.200000,8308.900000,8294.200000,8300.100000,19.5627965,0
578,2025.08.24 20:00,8300.000000,8303.400000,8286.500000,8288.100000,19.3725968,0
579,2025.08.25 00:00,8288.000000,8310.200000,8287.900000,8307.600000,19.5816970,0
580,2025.08.25 04:00,8307.500000,8314.700000,8297.700000,8314.400000,19.3972901,0
581,2025.08.25 08:00,8314.300000,8330.200000,8312.800000,8330.200000,19.2546265,0
582,2025.08.25 12:00,8330.100000,8341.800000,8328.200000,8337.200000,18.8507246,0
583,2025.08.25 16:00,8337.100000,8356.600000,8330.400000,8349.000000,19.3756729,0
584,2025.08.25 20:00,8348.900000,8356.500000,8339.600000,8344.200000,19.1988391,0
585,2025.08.26 00:00,8344.100000,8349.900000,8330.000000,8334.000000,19.2489220,0
586,2025.08.26 04:00,8334.100000,8355.700000,8333.500000,8350.000000,19.4597133,0
587,2025.08.26 08:00,8350.100000,8367.500000,8349.500000,8352.400000,19.3554481,0
588,2025.08.26 12:00,8352.300000,8357.700000,8333.100000,8348.400000,19.7300589,0
589,2025.08.26 16:00,8348.300000,8352.100000,8336.000000,8339.200000,19.4707690,0
590,2025.08.26 20:00,8339.100000,8340.000000,8315.600000,8318.000000,19.8228569,0
591,2025.08.27 00:00,8318.100000,8331.500000,8315.100000,8326.000000,19.5783671,0
592,2025.08.27 04:00,8325.900000,8332.900000,8321.100000,8329.000000,19.0227695,0
593,2025.08.27 08:00,8329.100000,8333.300000,8314.600000,8317.200000,18.9997145,0
594,2025.08.27 12:00,8317.300000,8319.900000,8304.300000,8304.600000,18.7568778,0
595,2025.08.27 16:00,8304.500000,8313.100000,8301.600000,8306.400000,18.2385294,0
596,2025.08.27 20:00,8306.300000,8315.200000,8304.300000,8311.400000,17.7143487,0
597,2025.08.28 00:00,8311.500000,8313.200000,8298.500000,8307.400000,17.4990381,0
598,2025.08.28 04:00,8307.500000,8331.300000,8306.500000,8322.400000,18.0205353,0
599,2025.08.28 08:00,8322.500000,8326.600000,8298.300000,8299.400000,18.7547828,0
600,2025.08.28 12:00,8299.500000,8312.500000,8291.300000,8305.400000,18.9294412,0
601,2025.08.28 16:00,8305.300000,8310.100000,8295.400000,8300.800000,18.6273383,0
602,2025.08.28 20:00,8300.900000,8302.000000,8278.300000,8281.000000,18.9896712,0
603,2025.08.29 00:00,8281.100000,8281.100000,8257.600000,8266.800000,19.3118376,0
604,2025.08.29 04:00,8266.900000,8270.400000,8250.700000,8253.600000,19.3395635,0
605,2025.08.29 08:00,8253.700000,8254.300000,8232.800000,8250.200000,19.4938804,0
606,2025.08.29 12:00,8250.300000,8251.900000,8237.600000,8245.000000,19.1228889,0
607,2025.08.29 16:00,8244.900000,8255.200000,8241.900000,8242.000000,18.7069683,0
608,2025.08.29 20:00,8242.100000,8258.200000,8240.100000,8248.600000,18.6636134,0
609,2025.08.30 00:00,8248.500000,8265.600000,8244.400000,8265.400000,18.8447839,0
610,2025.08.30 04:00,8265.300000,8274.800000,8262.900000,8269.200000,18.3487279,0
611,2025.08.30 08:00,8269.100000,8273.200000,8258.400000,8258.400000,18.0952473,0
612,2025.08.30 12:00,8258.300000,8271.500000,8258.000000,8260.600000,17.7670154,0
613,2025.08.30 16:00,8260.500000,8273.700000,8253.000000,8269.600000,17.9765143,0
614,2025.08.30 20:00,8269.700000,8273.500000,8253.800000,8256.200000,18.0996204,0
615,2025.08.31 00:00,8256.100000,8262.800000,8243.200000,8243.200000,18.2067904,0
616,2025.08.31 04:00,8243.100000,8259.800000,8240.700000,8255.600000,18.2705910,0
617,2025.08.31 08:00,8255.500000,8256.100000,8244.800000,8251.200000,17.7726917,0
618,2025.08.31 12:00,8251.100000,8256.100000,8245.500000,8249.800000,17.2603566,0
619,2025.08.31 16:00,8249.700000,8261.600000,8242.500000,8255.200000,17.3917597,0
620,2025.08.31 20:00,8255.300000,8255.500000,8233.700000,8248.000000,17.7066340,0
621,2025.09.01 00:00,8247.900000,8253.700000,8240.900000,8246.200000,17.3561601,0
622,2025.09.01 04:00,8246.100000,8248.200000,8228.500000,8237.600000,17.5235773,0
623,2025.09.01 08:00,8237.700000,8238.300000,8214.900000,8225.800000,17.9433217,0
624,2025.09.01 12:00,8225.700000,8235.700000,8218.100000,8235.400000,17.9187988,0
625,2025.09.01 16:00,8235.500000,8237.900000,8226.200000,8235.600000,17.4745988,0
626,2025.09.01 20:00,8235.700000,8256.300000,8235.700000,8250.300000,17.7049846,0
627,2025.09.02 00:00,8250.200000,8253.100000,8237.500000,8239.900000,17.5546286,0
628,2025.09.02 04:00,8240.000000,8242.300000,8229.500000,8239.100000,17.2150123,0
629,2025.09.02 08:00,8239.000000,8245.500000,8233.600000,8238.300000,16.8353685,0
630,2025.09.02 12:00,8238.200000,8250.800000,8221.700000,8226.700000,17.7114136,0
631,2025.09.02 16:00,8226.800000,8239.300000,8225.000000,8235.900000,17.4677412,0
632,2025.09.02 20:00,8235.800000,8236.500000,8219.800000,8233.100000,17.4129026,0
633,2025.09.03 00:00,8233.200000,8244.600000,8225.900000,8237.100000,17.5048381,0
634,2025.09.03 04:00,8237.000000,8242.500000,8226.500000,8232.100000,17.3973497,0
635,2025.09.03 08:00,8232.200000,8233.900000,8221.100000,8229.100000,17.0689676,0
636,2025.09.03 12:00,8229.200000,8240.400000,8222.800000,8235.300000,17.1068984,0
637,2025.09.03 16:00,8235.400000,8240.200000,8227.100000,8233.100000,16.8206914,0
638,2025.09.03 20:00,8233.200000,8242.300000,8227.200000,8232.100000,16.6977849,0
639,2025.09.04 00:00,8232.200000,8242.300000,8226.700000,8227.100000,16.6193717,0
640,2025.09.04 04:00,8227.200000,8229.300000,8215.800000,8216.100000,16.3965594,0
641,2025.09.04 08:00,8216.000000,8225.300000,8211.200000,8217.700000,16.2325195,0
642,2025.09.04 12:00,8217.600000,8220.200000,8190.900000,8193.100000,17.1659109,0
643,2025.09.04 16:00,8193.200000,8203.300000,8187.000000,8191.500000,17.1040601,0
644,2025.09.04 20:00,8191.600000,8196.700000,8184.600000,8189.300000,16.7466273,0
645,2025.09.05 00:00,8189.400000,8194.600000,8182.700000,8190.100000,16.4004396,0
646,2025.09.05 04:00,8190.200000,8193.700000,8170.200000,8172.300000,16.9075511,0
647,2025.09.05 08:00,8172.200000,8176.100000,8146.600000,8149.100000,17.8070117,0
648,2025.09.05 12:00,8149.000000,8161.100000,8141.800000,8160.700000,17.9136537,0
649,2025.09.05 16:00,8160.800000,8174.200000,8155.900000,8170.700000,17.9412499,0
650,2025.09.05 20:00,8170.600000,8181.000000,8167.700000,8178.500000,17.6097320,0
651,2025.09.06 00:00,8178.400000,8198.100000,8177.000000,8196.500000,17.8590369,0
652,2025.09.06 04:00,8196.600000,8216.400000,8195.400000,8213.900000,18.0833914,0
653,2025.09.06 08:00,8213.800000,8224.700000,8209.600000,8220.500000,17.8702920,0
654,2025.09.06 12:00,8220.400000,8228.500000,8209.200000,8214.300000,17.9724140,0
655,2025.09.06 16:00,8214.400000,8220.700000,8208.800000,8212.900000,17.5386702,0
656,2025.09.06 20:00,8212.800000,8215.100000,8199.000000,8207.700000,17.4359080,0
657,2025.09.07 00:00,8207.600000,8235.700000,8207.300000,8223.900000,18.2190574,0
658,2025.09.07 04:00,8224.000000,8228.100000,8211.000000,8227.700000,18.1391248,0
659,2025.09.07 08:00,8227.600000,8263.200000,8221.200000,8261.500000,19.8434730,0
660,2025.09.07 12:00,8261.600000,8262.200000,8220.900000,8222.100000,21.3760821,0
661,2025.09.07 16:00,8222.200000,8246.000000,8220.400000,8238.500000,21.6777905,0
662,2025.09.07 20:00,8238.600000,8244.200000,8233.600000,8238.100000,20.8865197,0
663,2025.09.08 00:00,8238.000000,8238.900000,8225.600000,8233.300000,20.3446255,0
664,2025.09.08 04:00,8233.200000,8246.500000,8232.700000,8241.900000,19.8771522,0
665,2025.09.08 08:00,8241.800000,8243.000000,8234.500000,8236.900000,19.0644985,0
666,2025.09.08 12:00,8237.000000,8238.600000,8219.800000,8223.300000,19.0456057,0
667,2025.09.08 16:00,8223.200000,8229.400000,8207.800000,8209.900000,19.2280625,0
668,2025.09.08 20:00,8209.800000,8213.300000,8197.600000,8206.500000,18.9760580,0
669,2025.09.09 00:00,8206.400000,8219.900000,8203.500000,8210.100000,18.7920539,0
670,2025.09.09 04:00,8210.200000,8210.700000,8189.200000,8194.500000,18.9854786,0
671,2025.09.09 08:00,8194.400000,8197.500000,8178.500000,8183.500000,18.9865158,0
672,2025.09.09 12:00,8183.400000,8187.300000,8165.300000,8169.900000,19.2017647,0
673,2025.09.09 16:00,8169.800000,8183.700000,8158.200000,8176.700000,19.6516387,0
674,2025.09.09 20:00,8176.600000,8194.000000,8175.300000,8176.900000,19.5836645,0
675,2025.09.10 00:00,8177.000000,8179.400000,8162.400000,8170.100000,19.3991170,0
676,2025.09.10 04:00,8170.200000,8177.900000,8163.600000,8171.300000,19.0348944,0
677,2025.09.10 08:00,8171.400000,8202.600000,8170.500000,8202.100000,19.9681162,0
678,2025.09.10 12:00,8202.000000,8204.300000,8169.400000,8170.700000,21.0346793,0
679,2025.09.10 16:00,8170.600000,8174.900000,8156.000000,8157.100000,20.8822022,0
680,2025.09.10 20:00,8157.200000,8176.200000,8151.500000,8175.900000,21.1549021,0
681,2025.09.11 00:00,8175.800000,8178.500000,8165.900000,8175.500000,20.5438376,0
682,2025.09.11 04:00,8175.600000,8185.400000,8174.600000,8182.700000,19.8478492,0
683,2025.09.11 08:00,8182.800000,8201.900000,8180.200000,8195.700000,19.9801457,0
684,2025.09.11 12:00,8195.800000,8197.500000,8178.600000,8188.500000,19.9029924,0
685,2025.09.11 16:00,8188.600000,8213.800000,8187.500000,8205.100000,20.3599216,0
686,2025.09.11 20:00,8205.000000,8211.200000,8199.400000,8205.100000,19.7484986,0
687,2025.09.12 00:00,8205.000000,8220.500000,8199.500000,8219.300000,19.8378915,0
688,2025.09.12 04:00,8219.400000,8222.900000,8210.000000,8219.500000,19.3423279,0
689,2025.09.12 08:00,8219.400000,8226.700000,8210.600000,8214.300000,19.1107330,0
690,2025.09.12 12:00,8214.200000,8214.600000,8186.100000,8191.500000,19.7813949,0
691,2025.09.12 16:00,8191.600000,8203.200000,8186.000000,8190.100000,19.5970096,0
692,2025.09.12 20:00,8190.200000,8193.300000,8176.000000,8176.700000,19.4329375,0
693,2025.09.13 00:00,8176.800000,8179.400000,8155.200000,8160.700000,19.7734419,0
694,2025.09.13 04:00,8160.600000,8166.800000,8146.300000,8165.700000,19.8253389,0
695,2025.09.13 08:00,8165.600000,8167.400000,8151.500000,8163.500000,19.5449576,0
696,2025.09.13 12:00,8163.600000,8167.900000,8155.500000,8155.900000,19.0346035,0
697,2025.09.13 16:00,8155.800000,8160.300000,8147.200000,8153.100000,18.6107032,0
698,2025.09.13 20:00,8153.200000,8157.600000,8145.800000,8152.500000,18.1242244,0
699,2025.09.14 00:00,8152.400000,8154.400000,8133.100000,8142.100000,18.3510655,0
700,2025.09.14 04:00,8142.000000,8154.100000,8136.000000,8136.900000,18.3331323,0
701,2025.09.14 08:00,8136.800000,8138.200000,8116.400000,8122.300000,18.5807657,0
702,2025.09.14 12:00,8122.200000,8126.400000,8105.700000,8118.900000,18.7321396,0
703,2025.09.14 16:00,8119.000000,8121.000000,8103.600000,8109.500000,18.6369867,0
704,2025.09.14 20:00,8109.600000,8123.400000,8108.800000,8119.900000,18.3486306,0
705,2025.09.15 00:00,8119.800000,8128.600000,8110.400000,8123.300000,18.3380141,0
706,2025.09.15 04:00,8123.200000,8123.800000,8106.100000,8112.700000,18.2924417,0
707,2025.09.15 08:00,8112.800000,8114.600000,8082.900000,8100.500000,19.2501244,0
708,2025.09.15 12:00,8100.600000,8118.800000,8090.900000,8091.100000,19.8679726,0
709,2025.09.15 16:00,8091.000000,8098.000000,8083.800000,8096.100000,19.4631175,0
710,2025.09.15 20:00,8096.200000,8110.000000,8094.100000,8097.900000,19.2086091,0
711,2025.09.16 00:00,8098.000000,8122.500000,8097.200000,8113.100000,19.6437084,0
712,2025.09.16 04:00,8113.200000,8130.000000,8112.200000,8114.700000,19.5120150,0
713,2025.09.16 08:00,8114.600000,8133.200000,8114.000000,8118.500000,19.4897282,0
714,2025.09.16 12:00,8118.400000,8123.300000,8104.000000,8117.100000,19.4761762,0
715,2025.09.16 16:00,8117.000000,8120.000000,8099.300000,8103.500000,19.5635922,0
716,2025.09.16 20:00,8103.600000,8115.400000,8102.200000,8112.100000,19.1090499,0
717,2025.09.17 00:00,8112.000000,8116.000000,8088.100000,8095.900000,19.7369749,0
718,2025.09.17 04:00,8096.000000,8109.900000,8088.200000,8109.500000,19.8771909,0
719,2025.09.17 08:00,8109.400000,8118.600000,8094.600000,8099.500000,20.1716773,0
720,2025.09.17 12:00,8099.400000,8107.300000,8095.900000,8103.700000,19.5451289,0
721,2025.09.17 16:00,8103.600000,8104.400000,8089.300000,8094.100000,19.2276197,0
722,2025.09.17 20:00,8094.000000,8102.200000,8090.800000,8093.300000,18.6685040,0
723,2025.09.18 00:00,8093.400000,8103.500000,8077.500000,8079.500000,19.1921823,0
724,2025.09.18 04:00,8079.400000,8085.400000,8072.200000,8077.900000,18.7641693,0
725,2025.09.18 08:00,8078.000000,8125.500000,8078.000000,8122.500000,20.8238715,0
726,2025.09.18 12:00,8122.400000,8130.100000,8117.700000,8129.900000,20.2221664,0
727,2025.09.18 16:00,8130.000000,8137.700000,8120.600000,8131.900000,19.9991545,0
728,2025.09.18 20:00,8131.800000,8136.100000,8122.600000,8131.700000,19.5349292,0
729,2025.09.19 00:00,8131.600000,8140.500000,8125.300000,8129.500000,19.2252914,0
730,2025.09.19 04:00,8129.400000,8136.700000,8122.500000,8122.900000,18.8663420,0
731,2025.09.19 08:00,8123.000000,8128.100000,8112.300000,8127.500000,18.6473176,0
732,2025.09.19 12:00,8127.400000,8146.900000,8126.500000,8140.100000,18.7725092,0
733,2025.09.19 16:00,8140.000000,8148.900000,8123.800000,8145.900000,19.2244728,0
734,2025.09.19 20:00,8145.800000,8159.500000,8141.500000,8156.300000,19.1370105,0
735,2025.09.20 00:00,8156.400000,8157.900000,8146.500000,8153.900000,18.5843668,0
736,2025.09.20 04:00,8154.000000,8158.000000,8135.800000,8139.700000,18.8426264,0
737,2025.09.20 08:00,8139.600000,8142.300000,8125.000000,8133.100000,18.7324388,0
738,2025.09.20 12:00,8133.000000,8137.100000,8120.200000,8124.700000,18.6015503,0
739,2025.09.20 16:00,8124.800000,8140.100000,8122.000000,8136.700000,18.5657253,0
740,2025.09.20 20:00,8136.600000,8142.800000,8121.400000,8131.900000,18.7681735,0
741,2025.09.21 00:00,8131.800000,8148.800000,8128.800000,8145.500000,18.8561611,0
742,2025.09.21 04:00,8145.600000,8154.600000,8137.800000,8150.700000,18.7092924,0
743,2025.09.21 08:00,8150.600000,8154.600000,8140.500000,8146.900000,18.3800572,0
744,2025.09.21 12:00,8146.800000,8176.200000,8145.300000,8172.300000,19.2743389,0
745,2025.09.21 16:00,8172.400000,8182.600000,8169.900000,8172.700000,18.8047432,0
746,2025.09.21 20:00,8172.600000,8192.200000,8161.100000,8186.500000,19.6829759,0
747,2025.09.22 00:00,8186.600000,8189.600000,8176.400000,8188.500000,19.2199062,0
748,2025.09.22 04:00,8188.400000,8188.800000,8173.300000,8183.100000,18.9541986,0
749,2025.09.22 08:00,8183.000000,8199.200000,8180.200000,8199.100000,18.9574701,0
750,2025.09.22 12:00,8199.000000,8199.300000,8176.500000,8179.100000,19.2319365,0
751,2025.09.22 16:00,8179.000000,8181.700000,8169.400000,8175.300000,18.7367982,0
752,2025.09.22 20:00,8175.400000,8188.700000,8173.500000,8182.700000,18.4841698,0
753,2025.09.23 00:00,8182.600000,8182.600000,8167.800000,8174.900000,18.2281576,0
754,2025.09.23 04:00,8174.800000,8183.800000,8160.900000,8162.300000,18.5618607,0
755,2025.09.23 08:00,8162.200000,8172.200000,8159.100000,8169.500000,18.1717278,0
756,2025.09.23 12:00,8169.400000,8175.800000,8148.500000,8154.100000,18.8237472,0
757,2025.09.23 16:00,8154.200000,8174.700000,8152.500000,8169.700000,19.0649081,0
758,2025.09.23 20:00,8169.800000,8180.100000,8161.500000,8162.900000,19.0317004,0
759,2025.09.24 00:00,8162.800000,8164.700000,8139.900000,8151.900000,19.4437218,0
760,2025.09.24 04:00,8151.800000,8158.800000,8141.800000,8157.700000,19.2691702,0
761,2025.09.24 08:00,8157.600000,8182.900000,8156.200000,8179.900000,19.7999438,0
762,2025.09.24 12:00,8180.000000,8195.700000,8178.000000,8184.300000,19.6499478,0
763,2025.09.24 16:00,8184.200000,8186.200000,8175.000000,8177.900000,19.0463801,0
764,2025.09.24 20:00,8178.000000,8179.000000,8166.000000,8175.300000,18.6144958,0
765,2025.09.25 00:00,8175.200000,8203.100000,8172.500000,8193.000000,19.4706033,0
766,2025.09.25 04:00,8192.900000,8206.000000,8192.800000,8197.600000,19.0227030,0
767,2025.09.25 08:00,8197.700000,8198.500000,8173.100000,8174.000000,19.4782242,0
768,2025.09.25 12:00,8173.900000,8179.800000,8166.600000,8175.400000,19.0297796,0
769,2025.09.25 16:00,8175.500000,8185.200000,8169.300000,8179.000000,18.8062240,0
770,2025.09.25 20:00,8178.900000,8180.000000,8167.400000,8171.000000,18.3629222,0
771,2025.09.26 00:00,8170.900000,8171.000000,8155.400000,8166.200000,18.1655707,0
772,2025.09.26 04:00,8166.300000,8175.500000,8156.100000,8173.600000,18.2537442,0
773,2025.09.26 08:00,8173.700000,8184.000000,8170.000000,8181.400000,17.9499053,0
774,2025.09.26 12:00,8181.500000,8196.900000,8176.600000,8191.600000,18.1177692,0
775,2025.09.26 16:00,8191.700000,8205.500000,8189.500000,8190.000000,17.9665000,0
776,2025.09.26 20:00,8189.900000,8193.600000,8180.100000,8190.000000,17.6474643,0
777,2025.09.27 00:00,8190.100000,8218.100000,8187.500000,8212.600000,18.5726454,0
778,2025.09.27 04:00,8212.500000,8218.500000,8205.400000,8214.000000,18.1817422,0
779,2025.09.27 08:00,8214.100000,8215.400000,8187.900000,8188.200000,18.8473320,0
780,2025.09.27 12:00,8188.300000,8206.300000,8186.400000,8196.000000,18.9225226,0
781,2025.09.27 16:00,8196.100000,8207.900000,8189.100000,8205.000000,18.9137710,0
782,2025.09.27 20:00,8204.900000,8219.200000,8196.000000,8204.200000,19.2199302,0
783,2025.09.28 00:00,8204.300000,8235.700000,8201.000000,8231.400000,20.3256495,0
784,2025.09.28 04:00,8231.500000,8233.100000,8213.700000,8219.000000,20.2595316,0
785,2025.09.28 08:00,8219.100000,8222.600000,8194.900000,8198.000000,20.7909937,0
786,2025.09.28 12:00,8198.100000,8224.400000,8194.700000,8222.400000,21.4273513,0
787,2025.09.28 16:00,8222.500000,8232.700000,8211.800000,8212.400000,21.3896833,0
788,2025.09.28 20:00,8212.500000,8228.900000,8211.800000,8213.600000,21.0832774,0
789,2025.09.29 00:00,8213.700000,8216.100000,8197.700000,8203.600000,20.8916147,0
790,2025.09.29 04:00,8203.700000,8205.600000,8189.200000,8192.400000,20.5707851,0
791,2025.09.29 08:00,8192.500000,8199.400000,8186.400000,8188.600000,20.0300147,0
792,2025.09.29 12:00,8188.500000,8191.100000,8173.000000,8177.200000,19.8921565,0
793,2025.09.29 16:00,8177.300000,8180.900000,8162.000000,8174.000000,19.8212882,0
794,2025.09.29 20:00,8173.900000,8177.400000,8164.800000,8166.000000,19.3054819,0
795,2025.09.30 00:00,8166.100000,8183.700000,8162.000000,8174.600000,19.4765189,0
796,2025.09.30 04:00,8174.700000,8183.500000,8165.200000,8169.800000,19.3924818,0
797,2025.09.30 08:00,8169.700000,8173.500000,8157.700000,8165.600000,19.1358760,0
798,2025.09.30 12:00,8165.700000,8181.000000,8164.900000,8175.800000,18.9190277,0
799,2025.09.30 16:00,8175.700000,8180.900000,8157.400000,8157.600000,19.2462400,0
800,2025.09.30 20:00,8157.700000,8167.100000,8152.200000,8156.000000,18.9357943,0
801,2025.10.01 00:00,8156.100000,8165.100000,8145.300000,8165.000000,18.9975233,0
802,2025.10.01 04:00,8164.900000,8165.900000,8143.900000,8153.200000,19.2119859,0
803,2025.10.01 08:00,8153.300000,8154.200000,8138.700000,8145.400000,18.9468440,0
804,2025.10.01 12:00,8145.300000,8154.100000,8135.600000,8138.000000,18.9149266,0
805,2025.10.01 16:00,8138.100000,8145.300000,8130.500000,8144.000000,18.6210033,0
806,2025.10.01 20:00,8144.100000,8146.200000,8126.000000,8135.000000,18.7337888,0
807,2025.10.02 00:00,8134.900000,8136.300000,8107.200000,8108.400000,19.4742324,0
808,2025.10.02 04:00,8108.500000,8121.900000,8089.500000,8090.600000,20.3975015,0
809,2025.10.02 08:00,8090.500000,8110.700000,8090.200000,8110.000000,20.4048229,0
810,2025.10.02 12:00,8110.100000,8114.100000,8096.600000,8100.800000,20.1973355,0
811,2025.10.02 16:00,8100.900000,8108.100000,8098.300000,8103.400000,19.4546687,0
812,2025.10.02 20:00,8103.500000,8120.200000,8101.500000,8107.200000,19.4007638,0
813,2025.10.03 00:00,8107.300000,8111.200000,8096.700000,8103.800000,19.0507092,0
814,2025.10.03 04:00,8103.900000,8117.200000,8101.200000,8109.800000,18.8328014,0
815,2025.10.03 08:00,8109.900000,8115.800000,8100.500000,8104.800000,18.5804585,0
816,2025.10.03 12:00,8104.700000,8109.000000,8093.500000,8108.400000,18.3604257,0
817,2025.10.03 16:00,8108.500000,8122.400000,8103.200000,8114.200000,18.4203953,0
818,2025.10.03 20:00,8114.100000,8133.100000,8113.200000,8121.000000,18.5260814,0
819,2025.10.04 00:00,8121.100000,8129.500000,8101.400000,8104.400000,19.2099327,0
820,2025.10.04 04:00,8104.300000,8119.400000,8098.100000,8118.400000,19.3592232,0
821,2025.10.04 08:00,8118.300000,8123.100000,8109.600000,8122.600000,18.9407073,0
822,2025.10.04 12:00,8122.700000,8134.700000,8121.000000,8127.400000,18.5663710,0
823,2025.10.04 16:00,8127.500000,8136.000000,8118.100000,8121.400000,18.5187731,0
824,2025.10.04 20:00,8121.500000,8127.500000,8113.500000,8118.800000,18.1960036,0
825,2025.10.05 00:00,8118.700000,8131.500000,8116.100000,8119.800000,17.9962891,0
826,2025.10.05 04:00,8119.900000,8134.900000,8112.100000,8133.400000,18.3394113,0
827,2025.10.05 08:00,8133.300000,8137.000000,8118.900000,8119.200000,18.3223105,0
828,2025.10.05 12:00,8119.300000,8134.000000,8116.600000,8124.600000,18.2564311,0
829,2025.10.05 16:00,8124.500000,8155.000000,8121.700000,8154.000000,19.3309718,0
830,2025.10.05 20:00,8154.100000,8171.500000,8152.200000,8167.400000,19.3287595,0
831,2025.10.06 00:00,8167.500000,8182.000000,8166.600000,8171.600000,19.0481338,0
832,2025.10.06 04:00,8171.700000,8176.800000,8161.700000,8166.800000,18.7661243,0
833,2025.10.06 08:00,8166.900000,8170.000000,8158.700000,8165.400000,18.2328297,0
834,2025.10.06 12:00,8165.500000,8177.300000,8161.200000,8161.600000,18.0804847,0
835,2025.10.06 16:00,8161.500000,8169.700000,8149.200000,8150.000000,18.2533072,0
836,2025.10.06 20:00,8150.100000,8172.800000,8149.200000,8161.600000,18.6352138,0
837,2025.10.07 00:00,8161.500000,8167.400000,8157.100000,8161.400000,18.0398414,0
838,2025.10.07 04:00,8161.500000,8197.900000,8160.000000,8193.800000,19.4584242,0
839,2025.10.07 08:00,8193.700000,8210.400000,8192.200000,8199.400000,19.3685367,0
840,2025.10.07 12:00,8199.500000,8200.000000,8186.300000,8192.600000,18.9636413,0
841,2025.10.07 16:00,8192.500000,8197.000000,8157.400000,8157.600000,20.4376669,0
842,2025.10.07 20:00,8157.700000,8158.700000,8138.100000,8141.200000,20.4492621,0
843,2025.10.08 00:00,8141.100000,8149.300000,8135.600000,8136.800000,19.9671720,0
844,2025.10.08 04:00,8136.700000,8155.500000,8126.100000,8148.400000,20.6409454,0
845,2025.10.08 08:00,8148.500000,8156.200000,8136.900000,8146.400000,20.5451636,0
846,2025.10.08 12:00,8146.300000,8152.200000,8137.800000,8146.200000,20.1062233,0
847,2025.10.08 16:00,8146.100000,8171.200000,8138.900000,8166.200000,20.9772074,0
848,2025.10.08 20:00,8166.300000,8189.400000,8161.400000,8186.800000,21.4788354,0
849,2025.10.09 00:00,8186.900000,8189.100000,8166.400000,8169.200000,21.5660615,0
850,2025.10.09 04:00,8169.100000,8171.500000,8156.100000,8162.000000,21.1256285,0
851,2025.10.09 08:00,8161.900000,8171.400000,8144.200000,8150.200000,21.5595122,0
852,2025.10.09 12:00,8150.100000,8154.000000,8135.400000,8137.600000,21.3481184,0
853,2025.10.09 16:00,8137.500000,8143.300000,8115.200000,8121.200000,21.8303957,0
854,2025.10.09 20:00,8121.100000,8138.900000,8118.500000,8130.000000,21.7282246,0
855,2025.10.10 00:00,8130.100000,8143.000000,8128.400000,8140.400000,21.2190657,0
856,2025.10.10 04:00,8140.300000,8144.400000,8120.800000,8122.400000,21.3891324,0
857,2025.10.10 08:00,8122.500000,8133.300000,8121.500000,8127.800000,20.7041944,0
858,2025.10.10 12:00,8127.700000,8149.800000,8123.800000,8148.600000,21.0824662,0
859,2025.10.10 16:00,8148.700000,8150.600000,8133.900000,8148.400000,20.7694329,0
860,2025.10.10 20:00,8148.500000,8151.600000,8138.100000,8140.400000,20.2501877,0
861,2025.10.11 00:00,8140.300000,8155.300000,8137.100000,8154.600000,20.1037457,0
862,2025.10.11 04:00,8154.700000,8168.000000,8150.700000,8154.600000,19.9034782,0
863,2025.10.11 08:00,8154.500000,8160.100000,8147.700000,8149.200000,19.3675154,0
864,2025.10.11 12:00,8149.300000,8163.000000,8145.900000,8153.400000,19.2055501,0
865,2025.10.11 16:00,8153.500000,8155.800000,8135.800000,8144.400000,19.2622965,0
866,2025.10.11 20:00,8144.300000,8152.300000,8137.800000,8141.400000,18.9221325,0
867,2025.10.12 00:00,8141.500000,8142.900000,8122.300000,8131.400000,19.0419801,0
868,2025.10.12 04:00,8131.300000,8136.100000,8117.200000,8130.400000,19.0318387,0
869,2025.10.12 08:00,8130.500000,8133.700000,8121.500000,8124.000000,18.5438502,0
870,2025.10.12 12:00,8124.100000,8134.700000,8121.400000,8124.600000,18.1692895,0
871,2025.10.12 16:00,8124.500000,8125.400000,8116.600000,8120.600000,17.5000545,0
872,2025.10.12 20:00,8120.700000,8122.200000,8097.900000,8102.800000,17.9857649,0
873,2025.10.13 00:00,8102.900000,8123.000000,8102.400000,8122.800000,18.1724960,0
874,2025.10.13 04:00,8122.900000,8125.800000,8115.900000,8122.000000,17.5816034,0
875,2025.10.13 08:00,8122.100000,8131.900000,8113.700000,8128.400000,17.6257746,0
876,2025.10.13 12:00,8128.300000,8145.000000,8123.800000,8143.400000,17.8810764,0
877,2025.10.13 16:00,8143.500000,8154.600000,8137.900000,8140.600000,17.7967138,0
878,2025.10.13 20:00,8140.500000,8152.000000,8137.900000,8143.600000,17.5326628,0
879,2025.10.14 00:00,8143.500000,8144.000000,8123.100000,8131.000000,17.7731869,0
880,2025.10.14 04:00,8130.900000,8145.300000,8128.400000,8139.400000,17.7108164,0
881,2025.10.14 08:00,8139.300000,8151.000000,8136.700000,8145.800000,17.4671867,0
882,2025.10.14 12:00,8145.900000,8148.500000,8136.800000,8136.800000,17.0552448,0
883,2025.10.14 16:00,8136.700000,8147.000000,8130.900000,8134.000000,16.9870130,0
884,2025.10.14 20:00,8134.100000,8136.700000,8103.700000,8109.200000,18.1307978,0
885,2025.10.15 00:00,8109.300000,8127.500000,8106.500000,8120.600000,18.3357408,0
886,2025.10.15 04:00,8120.500000,8124.700000,8106.500000,8117.000000,18.3260450,0
887,2025.10.15 08:00,8117.100000,8124.100000,8110.300000,8123.400000,18.0027561,0
888,2025.10.15 12:00,8123.500000,8129.800000,8103.200000,8106.600000,18.6168449,0
889,2025.10.15 16:00,8106.500000,8112.300000,8095.500000,8096.800000,18.4870703,0
890,2025.10.15 20:00,8096.900000,8108.200000,8083.100000,8090.200000,18.9594224,0
891,2025.10.16 00:00,8090.100000,8105.900000,8087.400000,8104.800000,18.9266065,0
892,2025.10.16 04:00,8104.700000,8110.200000,8091.500000,8093.600000,18.9104204,0
893,2025.10.16 08:00,8093.500000,8101.300000,8085.300000,8089.000000,18.7025332,0
894,2025.10.16 12:00,8089.100000,8104.300000,8085.600000,8092.400000,18.7023523,0
895,2025.10.16 16:00,8092.500000,8111.600000,8090.900000,8105.600000,18.8450414,0
896,2025.10.16 20:00,8105.500000,8106.500000,8084.500000,8087.400000,19.0703956,0
897,2025.10.17 00:00,8087.300000,8093.400000,8078.700000,8092.200000,18.7582245,0
898,2025.10.17 04:00,8092.300000,8093.200000,8075.200000,8091.400000,18.7040656,0
899,2025.10.17 08:00,8091.500000,8101.700000,8089.900000,8100.400000,18.2109180,0
900,2025.10.17 12:00,8100.300000,8102.400000,8070.200000,8070.400000,19.2101382,0
901,2025.10.17 16:00,8070.500000,8082.200000,8067.400000,8071.200000,18.8951283,0
902,2025.10.17 20:00,8071.300000,8098.800000,8069.800000,8096.600000,19.6169048,0
903,2025.10.18 00:00,8096.500000,8105.200000,8093.300000,8098.800000,19.0656974,0
904,2025.10.18 04:00,8098.900000,8112.000000,8095.700000,8111.400000,18.8681475,0
905,2025.10.18 08:00,8111.300000,8117.000000,8103.900000,8112.400000,18.4561370,0
906,2025.10.18 12:00,8112.500000,8114.900000,8100.500000,8105.600000,18.1664129,0
907,2025.10.18 16:00,8105.700000,8112.100000,8095.300000,8108.200000,18.0688120,0
908,2025.10.18 20:00,8108.100000,8109.700000,8090.700000,8094.600000,18.1353254,0
909,2025.10.19 00:00,8094.500000,8101.300000,8089.000000,8097.000000,17.7185165,0
910,2025.10.19 04:00,8096.900000,8097.700000,8084.800000,8091.000000,17.3743367,0
911,2025.10.19 08:00,8091.100000,8111.100000,8086.700000,8110.800000,17.8761698,0
912,2025.10.19 12:00,8110.900000,8117.000000,8096.400000,8097.000000,18.0707291,0
913,2025.10.19 16:00,8096.900000,8108.400000,8093.700000,8105.800000,17.8299628,0
914,2025.10.19 20:00,8105.900000,8110.500000,8088.800000,8091.600000,18.1063940,0
915,2025.10.20 00:00,8091.500000,8122.100000,8088.300000,8120.800000,19.2273658,0
916,2025.10.20 04:00,8120.700000,8121.600000,8107.700000,8117.200000,18.8468397,0
917,2025.10.20 08:00,8117.100000,8148.800000,8117.000000,8146.600000,19.7720654,0
918,2025.10.20 12:00,8146.700000,8156.200000,8137.200000,8142.200000,19.7169179,0
919,2025.10.20 16:00,8142.300000,8143.000000,8116.700000,8118.000000,20.1871381,0
920,2025.10.20 20:00,8117.900000,8122.000000,8110.500000,8121.800000,19.5666282,0
921,2025.10.21 00:00,8121.900000,8146.700000,8119.300000,8146.000000,20.1261548,0
922,2025.10.21 04:00,8145.900000,8148.900000,8132.000000,8139.600000,19.8957151,0
923,2025.10.21 08:00,8139.500000,8151.600000,8137.200000,8149.400000,19.5031641,0
924,2025.10.21 12:00,8149.300000,8173.000000,8144.400000,8167.400000,20.1529380,0
925,2025.10.21 16:00,8167.300000,8168.300000,8145.700000,8146.200000,20.3277282,0
926,2025.10.21 20:00,8146.100000,8151.700000,8142.000000,8146.400000,19.5686047,0
927,2025.10.22 00:00,8146.300000,8165.000000,8143.700000,8155.400000,19.6922758,0
928,2025.10.22 04:00,8155.300000,8158.500000,8144.200000,8153.600000,19.3071133,0
929,2025.10.22 08:00,8153.500000,8166.700000,8151.900000,8157.000000,18.9851766,0
930,2025.10.22 12:00,8156.900000,8170.000000,8155.000000,8166.800000,18.7005211,0
931,2025.10.22 16:00,8166.900000,8168.800000,8159.400000,8165.400000,18.0361982,0
932,2025.10.22 20:00,8165.300000,8179.200000,8159.900000,8167.600000,18.1264698,0
933,2025.10.23 00:00,8167.700000,8186.900000,8166.100000,8168.400000,18.3174362,0
934,2025.10.23 04:00,8168.300000,8194.100000,8162.500000,8190.000000,19.2661908,0
935,2025.10.23 08:00,8189.900000,8201.200000,8188.300000,8199.000000,18.8114629,0
936,2025.10.23 12:00,8199.100000,8200.400000,8179.400000,8182.000000,18.9677869,0
937,2025.10.23 16:00,8181.900000,8192.100000,8171.300000,8180.200000,19.0986593,0
938,2025.10.23 20:00,8180.100000,8185.000000,8172.800000,8173.400000,18.6058979,0
939,2025.10.24 00:00,8173.300000,8180.500000,8168.200000,8170.800000,18.1554766,0
940,2025.10.24 04:00,8170.900000,8171.100000,8160.900000,8166.600000,17.5872283,0
941,2025.10.24 08:00,8166.700000,8171.200000,8161.000000,8167.400000,17.0595691,0
942,2025.10.24 12:00,8167.500000,8178.900000,8166.300000,8178.400000,16.7410285,0
943,2025.10.24 16:00,8178.300000,8183.100000,8170.200000,8171.800000,16.4666693,0
944,2025.10.24 20:00,8171.900000,8180.700000,8164.600000,8170.000000,16.4404786,0
945,2025.10.25 00:00,8170.100000,8177.000000,8162.400000,8176.400000,16.3090159,0
946,2025.10.25 04:00,8176.300000,8177.500000,8152.300000,8153.600000,16.9440862,0
947,2025.10.25 08:00,8153.500000,8163.400000,8151.300000,8158.000000,16.5980800,0
948,2025.10.25 12:00,8157.900000,8160.200000,8143.900000,8147.400000,16.5767886,0
949,2025.10.25 16:00,8147.500000,8151.100000,8130.500000,8132.800000,16.8641608,0
950,2025.10.25 20:00,8132.700000,8144.400000,8124.800000,8130.400000,17.0595779,0
951,2025.10.26 00:00,8130.300000,8134.100000,8122.200000,8127.400000,16.6910366,0
952,2025.10.26 04:00,8127.500000,8141.400000,8123.800000,8133.600000,16.7559626,0
953,2025.10.26 08:00,8133.700000,8144.400000,8122.600000,8137.000000,17.1162510,0
954,2025.10.26 12:00,8137.100000,8152.800000,8133.500000,8151.000000,17.2722331,0
955,2025.10.26 16:00,8150.900000,8152.200000,8140.600000,8151.600000,16.8670735,0
956,2025.10.26 20:00,8151.500000,8152.700000,8129.200000,8140.600000,17.3408540,0
957,2025.10.27 00:00,8140.500000,8141.900000,8104.600000,8105.800000,18.7665073,0
958,2025.10.27 04:00,8105.900000,8106.600000,8091.700000,8098.200000,18.4903282,0
959,2025.10.27 08:00,8098.300000,8113.800000,8088.900000,8107.600000,18.9481619,0
960,2025.10.27 12:00,8107.700000,8119.100000,8099.200000,8105.400000,19.0161503,0
961,2025.10.27 16:00,8105.500000,8112.100000,8099.700000,8099.800000,18.5435682,0
962,2025.10.27 20:00,8099.700000,8112.600000,8096.700000,8100.400000,18.3547419,0
963,2025.10.28 00:00,8100.300000,8116.600000,8099.600000,8109.400000,18.2579746,0
964,2025.10.28 04:00,8109.500000,8112.500000,8101.100000,8111.800000,17.7681193,0
965,2025.10.28 08:00,8111.900000,8131.700000,8104.200000,8126.800000,18.4632536,0
966,2025.10.28 12:00,8126.900000,8128.500000,8111.600000,8118.000000,18.3515926,0
967,2025.10.28 16:00,8117.900000,8122.700000,8105.200000,8106.000000,18.2907646,0
968,2025.10.28 20:00,8106.100000,8109.100000,8094.100000,8101.600000,18.0557100,0
969,2025.10.29 00:00,8101.500000,8116.700000,8098.800000,8112.000000,18.0445878,0
970,2025.10.29 04:00,8111.900000,8123.100000,8100.300000,8119.600000,18.3842601,0
971,2025.10.29 08:00,8119.700000,8131.600000,8118.500000,8124.400000,18.0068130,0
972,2025.10.29 12:00,8124.500000,8129.300000,8115.800000,8118.200000,17.6848978,0
973,2025.10.29 16:00,8118.100000,8126.600000,8113.800000,8121.200000,17.3359765,0
974,2025.10.29 20:00,8121.100000,8122.600000,8105.400000,8107.200000,17.3262639,0
975,2025.10.30 00:00,8107.300000,8127.700000,8107.300000,8126.600000,17.5529593,0
976,2025.10.30 04:00,8126.500000,8146.700000,8119.800000,8145.600000,18.2206051,0
977,2025.10.30 08:00,8145.500000,8155.600000,8143.300000,8153.200000,17.7977047,0
978,2025.10.30 12:00,8153.300000,8158.000000,8135.000000,8137.600000,18.1692972,0
979,2025.10.30 16:00,8137.500000,8137.800000,8116.300000,8129.400000,18.4072046,0
980,2025.10.30 20:00,8129.300000,8132.200000,8109.300000,8112.400000,18.7281185,0
981,2025.10.31 00:00,8112.500000,8123.300000,8104.800000,8117.600000,18.7118244,0
982,2025.10.31 04:00,8117.700000,8117.900000,8101.700000,8106.000000,18.5324083,0
983,2025.10.31 08:00,8106.100000,8120.900000,8104.200000,8111.400000,18.4015220,0
984,2025.10.31 12:00,8111.300000,8122.000000,8104.100000,8108.400000,18.3656990,0
985,2025.10.31 16:00,8108.500000,8131.000000,8103.000000,8118.200000,19.0538634,0
986,2025.10.31 20:00,8118.100000,8124.400000,8107.100000,8114.000000,18.9285874,0
987,2025.11.01 00:00,8113.900000,8116.600000,8099.100000,8111.200000,18.8265455,0
988,2025.11.01 04:00,8111.100000,8114.100000,8096.800000,8103.600000,18.7175065,0
989,2025.11.01 08:00,8103.700000,8117.900000,8089.000000,8090.400000,19.4448275,0
990,2025.11.01 12:00,8090.500000,8096.500000,8076.800000,8078.200000,19.4630541,0
991,2025.11.01 16:00,8078.100000,8093.300000,8076.400000,8086.400000,19.2799788,0
992,2025.11.01 20:00,8086.500000,8101.700000,8083.400000,8094.400000,19.2099803,0
993,2025.11.02 00:00,8094.300000,8123.300000,8091.900000,8114.400000,20.0806960,0
994,2025.11.02 04:00,8114.300000,8120.500000,8100.000000,8114.400000,20.1106463,0
995,2025.11.02 08:00,8114.500000,8122.700000,8102.800000,8105.800000,20.0956001,0
996,2025.11.02 12:00,8105.700000,8115.400000,8104.400000,8111.600000,19.4459144,0
997,2025.11.02 16:00,8111.700000,8118.100000,8106.600000,8114.600000,18.8783491,0
998,2025.11.02 20:00,8114.500000,8132.300000,8114.000000,8122.400000,18.8370384,0
999,2025.11.03 00:00,8122.500000,8155.500000,8122.000000,8152.400000,19.8843928,0
1000,2025.11.03 04:00,8152.300000,8164.700000,8150.400000,8155.800000,19.4855076,0
1001,2025.11.03 08:00,8155.900000,8157.200000,8143.400000,8145.200000,19.0793999,0
1002,2025.11.03 12:00,8145.300000,8152.800000,8138.500000,8141.000000,18.7380142,0
1003,2025.11.03 16:00,8141.100000,8161.500000,8140.000000,8157.400000,18.9352989,0
1004,2025.11.03 20:00,8157.300000,8165.300000,8153.800000,8157.000000,18.4042061,0
1005,2025.11.04 00:00,8156.900000,8166.200000,8144.000000,8145.600000,18.6753343,0
1006,2025.11.04 04:00,8145.500000,8157.900000,8140.500000,8154.200000,18.5842390,0
1007,2025.11.04 08:00,8154.100000,8164.200000,8150.800000,8159.200000,18.2139362,0
1008,2025.11.04 12:00,8159.100000,8162.000000,8148.800000,8157.400000,17.8557979,0
1009,2025.11.04 16:00,8157.500000,8157.500000,8136.300000,8143.600000,18.0946695,0
1010,2025.11.04 20:00,8143.700000,8161.100000,8143.700000,8150.600000,18.0521931,0
1011,2025.11.05 00:00,8150.500000,8157.600000,8127.300000,8134.600000,18.9270364,0
1012,2025.11.05 04:00,8134.500000,8137.900000,8117.000000,8118.800000,19.0679624,0
1013,2025.11.05 08:00,8118.900000,8124.100000,8093.300000,8093.400000,19.9059651,0
1014,2025.11.05 12:00,8093.500000,8100.600000,8077.500000,8083.800000,20.1341104,0
1015,2025.11.05 16:00,8083.900000,8101.600000,8081.800000,8085.800000,20.1102454,0
1016,2025.11.05 20:00,8085.900000,8099.100000,8081.200000,8081.600000,19.9523707,0
1017,2025.11.06 00:00,8081.700000,8101.200000,8078.400000,8094.800000,20.1557728,0
1018,2025.11.06 04:00,8094.900000,8101.500000,8081.900000,8091.800000,20.1160748,0
1019,2025.11.06 08:00,8091.900000,8095.400000,8079.200000,8087.000000,19.8363551,0
1020,2025.11.06 12:00,8087.100000,8098.800000,8084.200000,8090.000000,19.4623298,0
1021,2025.11.06 16:00,8090.100000,8102.300000,8081.200000,8084.000000,19.5793062,0
1022,2025.11.06 20:00,8083.900000,8087.300000,8070.800000,8071.800000,19.3593558,0
1023,2025.11.07 00:00,8071.700000,8089.200000,8068.200000,8087.800000,19.4765446,0
1024,2025.11.07 04:00,8087.900000,8090.800000,8071.000000,8086.200000,19.4996486,0
1025,2025.11.07 08:00,8086.100000,8092.000000,8076.500000,8091.800000,19.2139594,0
1026,2025.11.07 12:00,8091.900000,8092.400000,8073.300000,8083.400000,19.2058195,0
1027,2025.11.07 16:00,8083.300000,8092.300000,8079.200000,8085.600000,18.7696895,0
1028,2025.11.07 20:00,8085.700000,8088.200000,8071.200000,8078.000000,18.6432831,0
1029,2025.11.08 00:00,8077.900000,8081.500000,8067.200000,8076.400000,18.3330486,0
1030,2025.11.08 04:00,8076.300000,8098.500000,8076.200000,8095.000000,18.6164023,0
1031,2025.11.08 08:00,8095.100000,8105.200000,8084.200000,8104.600000,18.7866592,0
1032,2025.11.08 12:00,8104.500000,8116.800000,8101.800000,8113.600000,18.5161836,0
1033,2025.11.08 16:00,8113.700000,8116.400000,8088.800000,8100.000000,19.1650276,0
1034,2025.11.08 20:00,8099.900000,8113.300000,8094.700000,8109.600000,19.1246685,0
1035,2025.11.09 00:00,8109.500000,8117.300000,8090.600000,8100.600000,19.6657636,0
1036,2025.11.09 04:00,8100.700000,8116.400000,8095.900000,8114.000000,19.7253519,0
1037,2025.11.09 08:00,8113.900000,8138.200000,8111.000000,8138.200000,20.2592554,0
1038,2025.11.09 12:00,8138.300000,8140.000000,8124.400000,8129.800000,19.9264514,0
1039,2025.11.09 16:00,8129.900000,8130.300000,8101.700000,8101.800000,20.5459906,0
1040,2025.11.09 20:00,8101.900000,8127.700000,8101.100000,8123.400000,20.9784198,0
1041,2025.11.10 00:00,8123.500000,8133.700000,8118.400000,8132.800000,20.5728184,0
1042,2025.11.10 04:00,8132.900000,8136.500000,8114.200000,8121.400000,20.6961885,0
1043,2025.11.10 08:00,8121.500000,8143.100000,8120.200000,8141.400000,20.8536036,0
1044,2025.11.10 12:00,8141.500000,8147.200000,8134.300000,8140.000000,20.2854891,0
1045,2025.11.10 16:00,8140.100000,8147.300000,8132.900000,8140.200000,19.8650970,0
1046,2025.11.10 20:00,8140.100000,8142.700000,8130.800000,8134.800000,19.2961615,0
1047,2025.11.11 00:00,8134.900000,8137.800000,8105.800000,8107.800000,20.2035785,0
1048,2025.11.11 04:00,8107.700000,8116.300000,8103.500000,8109.600000,19.6747515,0
1049,2025.11.11 08:00,8109.700000,8115.100000,8103.500000,8108.400000,19.0979835,0
1050,2025.11.11 12:00,8108.300000,8116.900000,8093.000000,8093.000000,19.4409847,0
1051,2025.11.11 16:00,8093.100000,8097.900000,8069.200000,8072.200000,20.1023430,0
1052,2025.11.11 20:00,8072.100000,8074.900000,8063.200000,8066.600000,19.5021756,0
1053,2025.11.12 00:00,8066.700000,8068.400000,8054.300000,8062.200000,19.1163059,0
1054,2025.11.12 04:00,8062.300000,8066.000000,8048.400000,8057.200000,19.0079983,0
1055,2025.11.12 08:00,8057.100000,8061.000000,8044.000000,8048.000000,18.8645699,0
1056,2025.11.12 12:00,8048.100000,8060.000000,8040.100000,8057.200000,18.9385292,0
1057,2025.11.12 16:00,8057.100000,8061.300000,8045.300000,8055.400000,18.7286342,0
1058,2025.11.12 20:00,8055.500000,8083.600000,8054.300000,8071.000000,19.4837318,0
1059,2025.11.13 00:00,8071.100000,8078.600000,8065.400000,8072.000000,19.0348938,0
1060,2025.11.13 04:00,8071.900000,8079.700000,8069.000000,8077.000000,18.4395443,0
1061,2025.11.13 08:00,8076.900000,8082.800000,8069.600000,8082.700000,18.0652911,0
1062,2025.11.13 12:00,8082.800000,8088.000000,8077.400000,8078.900000,17.5320560,0
1063,2025.11.13 16:00,8078.800000,8085.800000,8072.400000,8081.100000,17.2369092,0
1064,2025.11.13 20:00,8081.200000,8096.100000,8079.600000,8087.300000,17.1842728,0
1065,2025.11.14 00:00,8087.400000,8102.500000,8084.300000,8102.100000,17.2568247,0
1066,2025.11.14 04:00,8102.000000,8121.100000,8099.600000,8110.300000,17.5599087,0
1067,2025.11.14 08:00,8110.400000,8110.900000,8088.500000,8097.300000,17.9056295,0
1068,2025.11.14 12:00,8097.200000,8104.400000,8087.300000,8103.500000,17.8480845,0
1069,2025.11.14 16:00,8103.400000,8105.500000,8081.400000,8085.700000,18.2946499,0
1070,2025.11.14 20:00,8085.600000,8096.400000,8077.600000,8085.700000,18.3307464,0
1071,2025.11.15 00:00,8085.600000,8088.300000,8056.300000,8057.300000,19.3071216,0
1072,2025.11.15 04:00,8057.200000,8061.100000,8042.600000,8050.500000,19.2494701,0
1073,2025.11.15 08:00,8050.600000,8063.400000,8045.400000,8057.300000,19.1602222,0
1074,2025.11.15 12:00,8057.200000,8062.900000,8040.100000,8040.100000,19.4202063,0
1075,2025.11.15 16:00,8040.200000,8050.700000,8016.300000,8017.700000,20.4901916,0
1076,2025.11.15 20:00,8017.600000,8019.700000,8004.000000,8015.900000,20.1480351,0
1077,2025.11.16 00:00,8016.000000,8031.600000,8014.900000,8028.500000,19.9017468,0
1078,2025.11.16 04:00,8028.600000,8033.800000,8019.600000,8020.700000,19.4944792,0
1079,2025.11.16 08:00,8020.600000,8035.800000,8016.400000,8030.500000,19.4877307,0
1080,2025.11.16 12:00,8030.400000,8039.600000,8019.900000,8034.300000,19.5028928,0
1081,2025.11.16 16:00,8034.400000,8047.700000,8029.500000,8046.100000,19.4098290,0
1082,2025.11.16 20:00,8046.000000,8057.600000,8045.800000,8051.300000,18.8662698,0
1083,2025.11.17 00:00,8051.400000,8056.200000,8040.600000,8052.300000,18.6329648,0
1084,2025.11.17 04:00,8052.400000,8055.100000,8042.100000,8046.900000,18.2306102,0
1085,2025.11.17 08:00,8046.800000,8049.200000,8038.900000,8047.100000,17.6641380,0
1086,2025.11.17 12:00,8047.200000,8058.200000,8042.700000,8045.300000,17.5095567,0
1087,2025.11.17 16:00,8045.400000,8047.100000,8026.400000,8026.500000,17.7374455,0
1088,2025.11.17 20:00,8026.600000,8033.800000,8016.600000,8024.300000,17.6990566,0
1089,2025.11.18 00:00,8024.400000,8036.000000,8021.300000,8023.100000,17.4848382,0
1090,2025.11.18 04:00,8023.000000,8031.300000,8022.000000,8027.500000,16.9002069,0
1091,2025.11.18 08:00,8027.400000,8032.300000,8012.700000,8018.300000,17.0930493,0
1092,2025.11.18 12:00,8018.400000,8037.800000,8017.400000,8027.200000,17.3292601,0
1093,2025.11.18 16:00,8027.300000,8053.500000,8021.500000,8044.200000,18.3771701,0
1094,2025.11.18 20:00,8044.300000,8052.200000,8030.100000,8050.800000,18.6430865,0
1095,2025.11.19 00:00,8050.900000,8060.600000,8047.100000,8052.800000,18.2757232,0
1096,2025.11.19 04:00,8052.900000,8056.400000,8040.200000,8040.400000,18.1274572,0
1097,2025.11.19 08:00,8040.300000,8042.100000,8020.700000,8021.400000,18.3612103,0
1098,2025.11.19 12:00,8021.500000,8034.100000,8014.700000,8020.000000,18.4354095,0
1099,2025.11.19 16:00,8019.900000,8032.700000,8015.400000,8026.800000,18.3543089,0
1100,2025.11.19 20:00,8026.700000,8042.500000,8024.100000,8027.800000,18.3575725,0
1101,2025.11.20 00:00,8027.900000,8030.900000,8015.800000,8020.800000,18.1248888,0
1102,2025.11.20 04:00,8020.700000,8024.400000,8004.200000,8006.600000,18.2731110,0
1103,2025.11.20 08:00,8006.500000,8023.000000,8003.900000,8017.000000,18.3321745,0
1104,2025.11.20 12:00,8017.100000,8030.200000,8013.400000,8024.800000,18.2227335,0
1105,2025.11.20 16:00,8024.700000,8029.400000,8014.300000,8014.600000,17.9996811,0
1106,2025.11.20 20:00,8014.500000,8025.100000,8007.200000,8008.600000,17.9925610,0
1107,2025.11.21 00:00,8008.700000,8034.300000,8005.300000,8033.200000,18.7788066,0
1108,2025.11.21 04:00,8033.300000,8040.900000,8015.600000,8022.000000,19.2446062,0
1109,2025.11.21 08:00,8022.100000,8030.900000,8014.600000,8015.800000,19.0342772,0
1110,2025.11.21 12:00,8015.900000,8022.800000,8007.600000,8020.000000,18.7604002,0
1111,2025.11.21 16:00,8019.900000,8026.000000,8009.300000,8018.200000,18.6132288,0
1112,2025.11.21 20:00,8018.300000,8024.300000,8009.900000,8018.200000,18.3122839,0
1113,2025.11.22 00:00,8018.300000,8026.600000,8001.000000,8011.200000,18.8328350,0
1114,2025.11.22 04:00,8011.300000,8012.100000,7998.000000,7999.600000,18.4947754,0
1115,2025.11.22 08:00,7999.500000,8013.300000,7996.600000,7997.400000,18.3665771,0
1116,2025.11.22 12:00,7997.500000,8005.200000,7987.600000,8005.200000,18.3118216,0
1117,2025.11.22 16:00,8005.300000,8016.900000,8003.600000,8007.600000,17.9538344,0
1118,2025.11.22 20:00,8007.500000,8025.900000,8001.800000,8023.800000,18.3928462,0
1119,2025.11.23 00:00,8023.700000,8027.600000,7994.900000,7996.000000,19.4147857,0
1120,2025.11.23 04:00,7996.100000,8009.200000,7994.700000,8000.800000,19.0637296,0
1121,2025.11.23 08:00,8000.700000,8008.900000,7995.400000,7999.700000,18.6663204,0
1122,2025.11.23 12:00,7999.600000,8002.500000,7984.200000,7993.300000,18.6401546,0
1123,2025.11.23 16:00,7993.400000,8000.400000,7991.900000,7995.900000,17.9158579,0
1124,2025.11.23 20:00,7995.800000,8000.700000,7984.300000,7990.900000,17.8075823,0
1125,2025.11.24 00:00,7990.800000,8013.000000,7989.200000,8011.800000,18.2356121,0
1126,2025.11.24 04:00,8011.900000,8026.700000,8011.900000,8015.200000,17.9973541,0
1127,2025.11.24 08:00,8015.100000,8041.400000,8013.500000,8034.800000,18.7046860,0
1128,2025.11.24 12:00,8034.700000,8034.700000,8023.000000,8031.000000,18.2114941,0
1129,2025.11.24 16:00,8030.900000,8044.600000,8024.100000,8040.200000,18.3749588,0
1130,2025.11.24 20:00,8040.100000,8045.200000,8013.800000,8014.000000,19.3053189,0
1131,2025.11.25 00:00,8014.100000,8027.400000,8008.700000,8012.200000,19.2620818,0
1132,2025.11.25 04:00,8012.300000,8020.000000,8004.200000,8005.400000,19.0147903,0
1133,2025.11.25 08:00,8005.500000,8026.900000,8005.400000,8013.400000,19.1923053,0
1134,2025.11.25 12:00,8013.500000,8038.100000,8007.500000,8036.600000,20.0071406,0
1135,2025.11.25 16:00,8036.500000,8055.700000,8035.800000,8051.600000,19.9994877,0
1136,2025.11.25 20:00,8051.700000,8054.300000,8034.800000,8036.200000,19.9638100,0
1137,2025.11.26 00:00,8036.100000,8052.500000,8032.100000,8049.600000,19.9949664,0
1138,2025.11.26 04:00,8049.700000,8075.000000,8048.300000,8070.000000,20.4738974,0
1139,2025.11.26 08:00,8070.100000,8073.200000,8060.100000,8062.300000,19.9471904,0
1140,2025.11.26 12:00,8062.400000,8076.000000,8058.400000,8068.700000,19.7795340,0
1141,2025.11.26 16:00,8068.600000,8081.600000,8055.300000,8057.900000,20.2452816,0
1142,2025.11.26 20:00,8057.800000,8059.400000,8044.000000,8049.500000,19.8991900,0
1143,2025.11.27 00:00,8049.400000,8057.700000,8043.300000,8052.700000,19.5063907,0
1144,2025.11.27 04:00,8052.600000,8056.300000,8041.100000,8052.900000,19.1987914,0
1145,2025.11.27 08:00,8052.800000,8073.500000,8049.800000,8063.100000,19.5203063,0
1146,2025.11.27 12:00,8063.000000,8066.400000,8055.300000,8056.700000,18.9188558,0
1147,2025.11.27 16:00,8056.800000,8059.700000,8048.900000,8049.900000,18.3389376,0
1148,2025.11.27 20:00,8049.800000,8055.900000,8045.200000,8052.500000,17.7932992,0
1149,2025.11.28 00:00,8052.600000,8069.600000,8045.000000,8069.300000,18.2794921,0
1150,2025.11.28 04:00,8069.200000,8070.300000,8055.200000,8055.300000,18.0523855,0
1151,2025.11.28 08:00,8055.400000,8063.200000,8050.900000,8057.500000,17.6415008,0
1152,2025.11.28 12:00,8057.400000,8060.500000,8048.000000,8050.700000,17.2742508,0
1153,2025.11.28 16:00,8050.600000,8065.500000,8046.300000,8061.300000,17.4118043,0
1154,2025.11.28 20:00,8061.400000,8079.400000,8055.900000,8066.500000,17.8466754,0
1155,2025.11.29 00:00,8066.600000,8071.100000,8056.800000,8068.300000,17.5933415,0
1156,2025.11.29 04:00,8068.200000,8078.100000,8061.900000,8067.900000,17.4938171,0
1157,2025.11.29 08:00,8068.000000,8078.700000,8061.000000,8066.100000,17.5085444,0
1158,2025.11.29 12:00,8066.200000,8069.800000,8057.400000,8063.500000,17.1436484,0
1159,2025.11.29 16:00,8063.600000,8067.300000,8055.000000,8065.700000,16.7976735,0
1160,2025.11.29 20:00,8065.800000,8070.800000,8055.000000,8059.300000,16.7264111,0
1161,2025.11.30 00:00,8059.200000,8078.600000,8058.300000,8075.500000,16.9816675,0
1162,2025.11.30 04:00,8075.600000,8080.400000,8059.500000,8069.100000,17.2615484,0
1163,2025.11.30 08:00,8069.200000,8084.200000,8068.000000,8081.100000,17.1857235,0
1164,2025.11.30 12:00,8081.200000,8109.700000,8081.100000,8105.300000,18.0010289,0
1165,2025.11.30 16:00,8105.400000,8111.100000,8098.300000,8109.700000,17.6295269,0
1166,2025.11.30 20:00,8109.800000,8122.500000,8100.900000,8107.500000,17.9131321,0
1167,2025.12.01 00:00,8107.600000,8111.000000,8095.900000,8104.900000,17.7121941,0
1168,2025.12.01 04:00,8105.000000,8113.800000,8101.400000,8103.100000,17.3327517,0
1169,2025.12.01 08:00,8103.000000,8122.600000,8101.300000,8109.500000,17.6161265,0
1170,2025.12.01 12:00,8109.400000,8111.800000,8091.300000,8102.300000,17.8221175,0
1171,2025.12.01 16:00,8102.200000,8106.200000,8094.300000,8098.700000,17.3991091,0
1172,2025.12.01 20:00,8098.800000,8120.400000,8093.400000,8117.100000,18.0848870,0
1173,2025.12.02 00:00,8117.200000,8124.000000,8099.300000,8099.900000,18.5573951,0
1174,2025.12.02 04:00,8100.000000,8109.100000,8090.700000,8103.100000,18.5461526,0
1175,2025.12.02 08:00,8103.000000,8104.200000,8088.700000,8098.100000,18.3285703,0
1176,2025.12.02 12:00,8098.000000,8119.800000,8096.600000,8117.100000,18.6765295,0
1177,2025.12.02 16:00,8117.000000,8119.600000,8105.900000,8118.100000,18.3210631,0
1178,2025.12.02 20:00,8118.200000,8124.600000,8112.600000,8120.700000,17.8695586,0
1179,2025.12.03 00:00,8120.600000,8129.600000,8112.900000,8128.900000,17.7860187,0
1180,2025.12.03 04:00,8128.800000,8132.100000,8121.000000,8122.300000,17.3084460,0
1181,2025.12.03 08:00,8122.200000,8133.400000,8115.300000,8124.900000,17.3649855,0
1182,2025.12.03 12:00,8125.000000,8128.000000,8103.600000,8103.700000,17.8674866,0
1183,2025.12.03 16:00,8103.800000,8104.900000,8089.300000,8094.300000,17.7055232,0
1184,2025.12.03 20:00,8094.400000,8102.900000,8088.400000,8095.900000,17.4765573,0
1185,2025.12.04 00:00,8095.800000,8107.700000,8078.300000,8080.100000,18.3282318,0
1186,2025.12.04 04:00,8080.200000,8082.500000,8065.800000,8079.100000,18.2119295,0
1187,2025.12.04 08:00,8079.000000,8085.600000,8065.300000,8081.100000,18.3610774,0
1188,2025.12.04 12:00,8081.200000,8082.900000,8058.000000,8058.500000,18.8281433,0
1189,2025.12.04 16:00,8058.400000,8070.100000,8053.700000,8055.300000,18.6547045,0
1190,2025.12.04 20:00,8055.200000,8079.400000,8055.000000,8078.900000,19.0650827,0
1191,2025.12.05 00:00,8079.000000,8088.600000,8072.900000,8076.300000,18.8247197,0
1192,2025.12.05 04:00,8076.400000,8086.500000,8070.800000,8079.300000,18.6015254,0
1193,2025.12.05 08:00,8079.400000,8096.600000,8075.700000,8096.500000,18.7657022,0
1194,2025.12.05 12:00,8096.400000,8104.800000,8079.200000,8082.300000,19.2538663,0
1195,2025.12.05 16:00,8082.400000,8100.500000,8077.600000,8100.500000,19.5143044,0
1196,2025.12.05 20:00,8100.400000,8101.100000,8073.100000,8076.700000,20.1204255,0
1197,2025.12.06 00:00,8076.600000,8079.900000,8064.300000,8072.900000,19.7975380,0
1198,2025.12.06 04:00,8072.800000,8089.200000,8071.500000,8087.700000,19.6477139,0
1199,2025.12.06 08:00,8087.800000,8097.400000,8080.700000,8082.300000,19.4371629,0
1200,2025.12.06 12:00,8082.400000,8083.800000,8054.600000,8054.900000,20.1345084,0
1201,2025.12.06 16:00,8055.000000,8062.000000,8050.100000,8061.900000,19.5463292,0
1202,2025.12.06 20:00,8062.000000,8062.700000,8029.000000,8039.300000,20.5573057,0
1203,2025.12.07 00:00,8039.400000,8058.200000,8039.300000,8054.100000,20.4389267,0
1204,2025.12.07 04:00,8054.000000,8062.600000,8046.900000,8054.300000,20.1004320,0
1205,2025.12.07 08:00,8054.200000,8070.000000,8042.000000,8042.100000,20.6646868,0
1206,2025.12.07 12:00,8042.000000,8053.800000,8039.900000,8041.500000,20.1814949,0
1207,2025.12.07 16:00,8041.600000,8061.500000,8037.600000,8059.100000,20.4471024,0
1208,2025.12.07 20:00,8059.000000,8060.900000,8043.900000,8049.900000,20.2008808,0
1209,2025.12.08 00:00,8050.000000,8064.600000,8048.800000,8060.900000,19.8865322,0
1210,2025.12.08 04:00,8060.800000,8070.200000,8042.800000,8048.900000,20.4232084,0
1211,2025.12.08 08:00,8048.800000,8054.900000,8042.400000,8043.500000,19.8572650,0
1212,2025.12.08 12:00,8043.600000,8046.000000,8028.000000,8045.100000,19.7246032,0
1213,2025.12.08 16:00,8045.000000,8045.200000,8026.100000,8029.900000,19.6799887,0
1214,2025.12.08 20:00,8029.800000,8046.000000,8026.000000,8045.900000,19.7028466,0
1215,2025.12.09 00:00,8046.000000,8069.000000,8040.000000,8055.300000,20.3669290,0
1216,2025.12.09 04:00,8055.400000,8064.700000,8050.900000,8063.700000,19.8978627,0
1217,2025.12.09 08:00,8063.600000,8079.100000,8062.200000,8064.100000,19.6837296,0
1218,2025.12.09 12:00,8064.200000,8067.100000,8054.500000,8055.300000,19.1777489,0
1219,2025.12.09 16:00,8055.200000,8056.100000,8032.700000,8034.500000,19.4793383,0
1220,2025.12.09 20:00,8034.400000,8049.400000,8030.700000,8036.100000,19.4236713,0
1221,2025.12.10 00:00,8036.000000,8042.400000,8027.500000,8030.300000,19.1005519,0
1222,2025.12.10 04:00,8030.400000,8035.000000,8015.100000,8017.300000,19.1576553,0
1223,2025.12.10 08:00,8017.400000,8021.100000,7998.600000,8002.300000,19.3963942,0
1224,2025.12.10 12:00,8002.400000,8011.800000,7991.100000,7995.500000,19.4895089,0
1225,2025.12.10 16:00,7995.400000,8003.600000,7989.000000,8000.500000,19.1402583,0
1226,2025.12.10 20:00,8000.600000,8012.300000,7996.900000,8003.700000,18.8730970,0
1227,2025.12.11 00:00,8003.800000,8004.300000,7983.500000,7985.900000,19.0107329,0
1228,2025.12.11 04:00,7986.000000,7990.100000,7975.900000,7987.700000,18.6671091,0
1229,2025.12.11 08:00,7987.800000,7988.900000,7976.800000,7983.500000,18.1980299,0
1230,2025.12.11 12:00,7983.600000,7994.900000,7974.100000,7988.900000,18.3838849,0
1231,2025.12.11 16:00,7988.800000,7995.700000,7982.700000,7990.300000,17.9993217,0
1232,2025.12.11 20:00,7990.200000,7992.700000,7981.200000,7985.700000,17.5350844,0
1233,2025.12.12 00:00,7985.600000,7987.300000,7973.500000,7976.700000,17.2682927,0
1234,2025.12.12 04:00,7976.800000,7990.600000,7973.500000,7977.700000,17.2562718,0
1235,2025.12.12 08:00,7977.800000,7983.000000,7964.000000,7970.500000,17.3808238,0
1236,2025.12.12 12:00,7970.600000,7970.800000,7936.200000,7938.100000,18.6107650,0
1237,2025.12.12 16:00,7938.200000,7951.800000,7928.600000,7951.100000,18.9385675,0
1238,2025.12.12 20:00,7951.000000,7969.100000,7949.900000,7963.700000,18.9572412,0
1239,2025.12.13 00:00,7963.800000,7967.500000,7942.500000,7944.700000,19.3888668,0
1240,2025.12.13 04:00,7944.800000,7945.300000,7930.900000,7940.700000,19.0325192,0
1241,2025.12.13 08:00,7940.800000,7941.600000,7929.500000,7933.500000,18.5373393,0
1242,2025.12.13 12:00,7933.400000,7933.800000,7909.700000,7916.500000,18.9346722,0
1243,2025.12.13 16:00,7916.600000,7926.600000,7910.500000,7924.700000,18.7321956,0
1244,2025.12.13 20:00,7924.800000,7927.500000,7911.000000,7913.700000,18.5727531,0
1245,2025.12.14 00:00,7913.600000,7913.900000,7895.200000,7903.700000,18.5818421,0
1246,2025.12.14 04:00,7903.800000,7914.100000,7898.500000,7905.300000,18.3688534,0
1247,2025.12.14 08:00,7905.200000,7911.700000,7898.600000,7899.900000,17.9925067,0
1248,2025.12.14 12:00,7900.000000,7903.500000,7878.100000,7885.900000,18.5216134,0
1249,2025.12.14 16:00,7885.800000,7901.600000,7884.500000,7892.100000,18.4200696,0
1250,2025.12.14 20:00,7892.000000,7898.200000,7882.500000,7890.500000,18.2257789,0
1251,2025.12.15 00:00,7890.600000,7904.400000,7888.400000,7900.700000,18.0667947,0
1252,2025.12.15 04:00,7900.600000,7900.700000,7880.300000,7892.300000,18.2334522,0
1253,2025.12.15 08:00,7892.200000,7903.200000,7878.500000,7879.100000,18.6953485,0
1254,2025.12.15 12:00,7879.000000,7886.800000,7874.000000,7880.300000,18.2742522,0
1255,2025.12.15 16:00,7880.400000,7889.400000,7877.600000,7881.900000,17.8118056,0
1256,2025.12.15 20:00,7882.000000,7892.400000,7878.000000,7887.500000,17.5681052,0
1257,2025.12.16 00:00,7887.400000,7894.100000,7886.300000,7887.500000,16.8703834,0
1258,2025.12.16 04:00,7887.600000,7892.800000,7873.200000,7892.700000,17.0653560,0
1259,2025.12.16 08:00,7892.600000,7901.600000,7890.600000,7892.100000,16.6321163,0
1260,2025.12.16 12:00,7892.000000,7892.300000,7870.100000,7870.500000,17.0298223,0
1261,2025.12.16 16:00,7870.600000,7880.700000,7861.700000,7863.900000,17.1705492,0
1262,2025.12.16 20:00,7863.800000,7876.900000,7861.500000,7869.900000,17.0440814,0
1263,2025.12.17 00:00,7869.800000,7871.400000,7856.900000,7858.900000,16.8623613,0
1264,2025.12.17 04:00,7858.800000,7864.800000,7847.200000,7864.100000,16.9150498,0
1265,2025.12.17 08:00,7864.200000,7879.100000,7863.300000,7875.500000,16.8354034,0
1266,2025.12.17 12:00,7875.600000,7886.800000,7873.900000,7883.100000,16.5543032,0
1267,2025.12.17 16:00,7883.000000,7886.700000,7864.200000,7864.300000,16.9789958,0
1268,2025.12.17 20:00,7864.200000,7876.100000,7857.000000,7873.300000,17.1304961,0
1269,2025.12.18 00:00,7873.400000,7874.500000,7861.100000,7870.700000,16.8640321,0
1270,2025.12.18 04:00,7870.600000,7889.600000,7866.500000,7886.300000,17.3094584,0
1271,2025.12.18 08:00,7886.400000,7911.400000,7885.100000,7897.300000,17.9516399,0
1272,2025.12.18 12:00,7897.400000,7910.000000,7887.500000,7906.100000,18.2765228,0
1273,2025.12.18 16:00,7906.000000,7912.400000,7897.300000,7908.900000,18.0496283,0
1274,2025.12.18 20:00,7908.800000,7915.500000,7901.800000,7903.500000,17.7389406,0
1275,2025.12.19 00:00,7903.600000,7905.000000,7887.400000,7898.700000,17.7290162,0
1276,2025.12.19 04:00,7898.800000,7901.200000,7880.400000,7887.300000,17.9483722,0
1277,2025.12.19 08:00,7887.400000,7888.200000,7873.200000,7874.900000,17.7377742,0
1278,2025.12.19 12:00,7875.000000,7885.800000,7863.400000,7869.300000,18.0707903,0
1279,2025.12.19 16:00,7869.200000,7871.600000,7860.000000,7869.900000,17.6085910,0
1280,2025.12.19 20:00,7869.800000,7883.300000,7866.500000,7869.900000,17.5508345,0
1281,2025.12.20 00:00,7870.000000,7870.800000,7833.600000,7835.100000,18.9543463,0
1282,2025.12.20 04:00,7835.000000,7844.400000,7829.300000,7832.100000,18.6790359,0
1283,2025.12.20 08:00,7832.200000,7844.900000,7829.700000,7843.300000,18.4305333,0
1284,2025.12.20 12:00,7843.400000,7850.800000,7833.900000,7838.900000,18.3212095,0
1285,2025.12.20 16:00,7839.000000,7857.500000,7837.400000,7856.700000,18.4482660,0
1286,2025.12.20 20:00,7856.800000,7867.300000,7851.400000,7855.100000,18.2662470,0
1287,2025.12.21 00:00,7855.000000,7864.200000,7844.000000,7863.100000,18.4043722,0
1288,2025.12.21 04:00,7863.000000,7872.000000,7857.500000,7861.900000,18.1254885,0
1289,2025.12.21 08:00,7861.800000,7866.700000,7850.600000,7851.700000,17.9808107,0
1290,2025.12.21 12:00,7851.600000,7860.400000,7844.100000,7860.300000,17.8607528,0
1291,2025.12.21 16:00,7860.400000,7861.200000,7846.300000,7848.900000,17.6492705,0
1292,2025.12.21 20:00,7848.800000,7866.500000,7846.900000,7865.700000,17.7886083,0
1293,2025.12.22 00:00,7865.800000,7880.700000,7863.300000,7874.700000,17.7608506,0
1294,2025.12.22 04:00,7874.600000,7878.300000,7841.200000,7843.900000,19.1422184,0
1295,2025.12.22 08:00,7844.000000,7848.000000,7828.200000,7830.500000,19.1892028,0
1296,2025.12.22 12:00,7830.400000,7831.100000,7813.000000,7819.300000,19.1114026,0
1297,2025.12.22 16:00,7819.200000,7820.400000,7808.000000,7808.900000,18.6320167,0
1298,2025.12.22 20:00,7809.000000,7834.500000,7808.600000,7816.100000,19.1511583,0
1299,2025.12.23 00:00,7816.200000,7824.800000,7810.600000,7816.100000,18.7975042,0
1300,2025.12.23 04:00,7816.200000,7842.500000,7815.800000,7836.300000,19.3619682,0
1301,2025.12.23 08:00,7836.400000,7838.900000,7823.300000,7838.100000,19.0932562,0
1302,2025.12.23 12:00,7838.200000,7844.000000,7818.200000,7820.300000,19.5723093,0
1303,2025.12.23 16:00,7820.200000,7822.200000,7806.200000,7811.500000,19.3171443,0
1304,2025.12.23 20:00,7811.600000,7822.700000,7804.000000,7811.700000,19.2730626,0
1305,2025.12.24 00:00,7811.800000,7815.300000,7800.800000,7804.900000,18.9321296,0
1306,2025.12.24 04:00,7804.800000,7815.500000,7802.800000,7814.300000,18.4869774,0
1307,2025.12.24 08:00,7814.200000,7819.100000,7797.700000,7798.300000,18.6950505,0
1308,2025.12.24 12:00,7798.400000,7811.400000,7794.500000,7803.900000,18.5668326,0
1309,2025.12.24 16:00,7804.000000,7809.000000,7794.800000,7804.500000,18.2549160,0
1310,2025.12.24 20:00,7804.600000,7811.000000,7797.800000,7799.700000,17.8938506,0
1311,2025.12.25 00:00,7799.600000,7815.400000,7798.400000,7798.900000,17.8300041,0
1312,2025.12.25 04:00,7799.000000,7804.100000,7786.500000,7797.900000,17.8135752,0
1313,2025.12.25 08:00,7798.000000,7810.300000,7795.000000,7807.100000,17.6340341,0
1314,2025.12.25 12:00,7807.200000,7809.600000,7787.900000,7789.700000,17.9244603,0
1315,2025.12.25 16:00,7789.600000,7812.800000,7786.800000,7803.500000,18.5012845,0
1316,2025.12.25 20:00,7803.400000,7808.600000,7796.700000,7808.100000,18.0297642,0
1317,2025.12.26 00:00,7808.200000,7823.300000,7802.600000,7816.700000,18.2204953,0
1318,2025.12.26 04:00,7816.800000,7817.000000,7802.300000,7808.700000,17.9690314,0
1319,2025.12.26 08:00,7808.800000,7815.800000,7797.300000,7812.500000,18.0069577,0
1320,2025.12.26 12:00,7812.600000,7823.800000,7807.400000,7819.900000,17.8921750,0
1321,2025.12.26 16:00,7819.800000,7831.900000,7812.600000,7821.700000,17.9927339,0
1322,2025.12.26 20:00,7821.800000,7826.300000,7797.200000,7798.500000,18.7861101,0
1323,2025.12.27 00:00,7798.400000,7805.600000,7793.600000,7803.300000,18.3013879,0
1324,2025.12.27 04:00,7803.400000,7814.000000,7799.800000,7809.300000,18.0084317,0
1325,2025.12.27 08:00,7809.200000,7818.100000,7802.300000,7817.900000,17.8506865,0
1326,2025.12.27 12:00,7818.000000,7843.600000,7812.300000,7839.500000,18.8113518,0
1327,2025.12.27 16:00,7839.600000,7845.700000,7828.200000,7842.700000,18.7176838,0
1328,2025.12.27 20:00,7842.600000,7853.400000,7840.200000,7851.300000,18.3235635,0
1329,2025.12.28 00:00,7851.400000,7873.400000,7849.800000,7867.300000,18.7004519,0
1330,2025.12.28 04:00,7867.200000,7872.500000,7846.400000,7860.300000,19.2289910,0
1331,2025.12.28 08:00,7860.200000,7865.300000,7851.200000,7853.700000,18.8626345,0
1332,2025.12.28 12:00,7853.600000,7878.700000,7852.600000,7870.300000,19.3795892,0
1333,2025.12.28 16:00,7870.200000,7881.100000,7869.200000,7873.100000,18.8453328,0
1334,2025.12.28 20:00,7873.000000,7876.800000,7862.100000,7863.100000,18.5492376,0
1335,2025.12.29 00:00,7863.000000,7864.300000,7835.100000,7837.700000,19.3100064,0
1336,2025.12.29 04:00,7837.600000,7851.500000,7831.700000,7844.100000,19.3450059,0
1337,2025.12.29 08:00,7844.000000,7853.600000,7835.700000,7838.100000,19.2417912,0
1338,2025.12.29 12:00,7838.200000,7838.700000,7823.700000,7827.100000,18.9388061,0
1339,2025.12.29 16:00,7827.000000,7838.200000,7817.500000,7836.900000,19.0646057,0
1340,2025.12.29 20:00,7836.800000,7841.700000,7824.800000,7833.100000,18.9099910,0
1341,2025.12.30 00:00,7833.000000,7842.000000,7817.500000,7824.300000,19.3092773,0
1342,2025.12.30 04:00,7824.400000,7831.600000,7814.100000,7821.900000,19.1800432,0
1343,2025.12.30 08:00,7822.000000,7833.100000,7816.800000,7818.900000,18.9743259,0
1344,2025.12.30 12:00,7819.000000,7823.500000,7810.800000,7819.300000,18.5261597,0
1345,2025.12.30 16:00,7819.400000,7842.200000,7816.000000,7841.900000,19.0742912,0
1346,2025.12.30 20:00,7841.800000,7851.000000,7830.400000,7850.700000,19.1832704,0
1347,2025.12.31 00:00,7850.800000,7870.600000,7846.700000,7863.100000,19.5201796,0
1348,2025.12.31 04:00,7863.200000,7869.900000,7847.700000,7852.700000,19.7115954,0
1349,2025.12.31 08:00,7852.600000,7881.100000,7850.800000,7879.700000,20.4679100,0
1350,2025.12.31 12:00,7879.600000,7882.600000,7864.900000,7866.500000,20.2702021,0
1351,2025.12.31 16:00,7866.400000,7866.500000,7843.800000,7843.900000,20.4437591,0
1352,2025.12.31 20:00,7844.000000,7844.200000,7825.300000,7826.300000,20.3334906,0
1353,2026.01.01 00:00,7826.400000,7831.300000,7812.300000,7826.900000,20.2382413,0
1354,2026.01.01 04:00,7826.800000,7827.300000,7806.600000,7825.900000,20.2712241,0
1355,2026.01.01 08:00,7825.800000,7832.900000,7817.100000,7818.500000,19.9518509,0
1356,2026.01.01 12:00,7818.400000,7830.400000,7816.400000,7830.300000,19.5267187,0
1357,2026.01.01 16:00,7830.400000,7853.600000,7825.000000,7853.100000,20.1748102,0
1358,2026.01.01 20:00,7853.200000,7854.900000,7826.500000,7827.900000,20.7623238,0
1359,2026.01.02 00:00,7827.800000,7843.200000,7823.900000,7838.700000,20.6578721,0
1360,2026.01.02 04:00,7838.600000,7848.200000,7826.700000,7846.900000,20.7180241,0
1361,2026.01.02 08:00,7847.000000,7851.100000,7833.300000,7847.100000,20.5095938,0
1362,2026.01.02 12:00,7847.000000,7849.500000,7834.300000,7848.100000,20.1303371,0
1363,2026.01.02 16:00,7848.200000,7850.700000,7832.600000,7840.500000,19.9853130,0
1364,2026.01.02 20:00,7840.600000,7847.000000,7836.300000,7844.900000,19.3220764,0
1365,2026.01.03 00:00,7844.800000,7854.600000,7841.300000,7852.300000,18.8919281,0
1366,2026.01.03 04:00,7852.200000,7857.200000,7834.200000,7841.700000,19.1853618,0
1367,2026.01.03 08:00,7841.800000,7863.800000,7840.600000,7862.700000,19.4721216,0
1368,2026.01.03 12:00,7862.600000,7869.600000,7854.200000,7860.300000,19.1812558,0
1369,2026.01.03 16:00,7860.200000,7865.000000,7846.200000,7850.900000,19.1540232,0
1370,2026.01.03 20:00,7851.000000,7851.400000,7833.700000,7840.500000,19.0501644,0
1371,2026.01.04 00:00,7840.400000,7844.800000,7820.300000,7832.300000,19.4394384,0
1372,2026.01.04 04:00,7832.200000,7854.900000,7830.900000,7840.500000,19.7651928,0
1373,2026.01.04 08:00,7840.400000,7851.500000,7837.000000,7847.500000,19.3891076,0
1374,2026.01.04 12:00,7847.600000,7849.200000,7838.800000,7846.100000,18.7470285,0
1375,2026.01.04 16:00,7846.000000,7848.000000,7825.100000,7840.900000,19.0436693,0
1376,2026.01.04 20:00,7841.000000,7844.600000,7826.300000,7830.300000,18.9905501,0
1377,2026.01.05 00:00,7830.200000,7833.100000,7805.400000,7806.100000,19.6126536,0
1378,2026.01.05 04:00,7806.000000,7817.200000,7796.500000,7815.100000,19.6903212,0
1379,2026.01.05 08:00,7815.200000,7824.400000,7809.600000,7821.500000,19.3410126,0
1380,2026.01.05 12:00,7821.600000,7830.100000,7806.000000,7819.300000,19.6809403,0
1381,2026.01.05 16:00,7819.400000,7832.700000,7809.600000,7811.700000,19.9251588,0
1382,2026.01.05 20:00,7811.800000,7823.100000,7807.000000,7817.900000,19.6519332,0
1383,2026.01.06 00:00,7818.000000,7825.300000,7810.100000,7819.100000,19.3339380,0
1384,2026.01.06 04:00,7819.200000,7822.600000,7805.700000,7806.100000,19.1600852,0
1385,2026.01.06 08:00,7806.200000,7809.600000,7796.500000,7807.300000,18.7272220,0
1386,2026.01.06 12:00,7807.400000,7826.500000,7803.700000,7820.100000,19.0181347,0
1387,2026.01.06 16:00,7820.000000,7829.400000,7813.100000,7828.500000,18.8239822,0
1388,2026.01.06 20:00,7828.600000,7849.000000,7817.800000,7848.900000,19.7079835,0
1389,2026.01.07 00:00,7849.000000,7852.300000,7842.700000,7846.500000,18.9859847,0
1390,2026.01.07 04:00,7846.600000,7848.300000,7827.800000,7831.100000,19.0941286,0
1391,2026.01.07 08:00,7831.200000,7835.000000,7822.700000,7826.300000,18.6088337,0
1392,2026.01.07 12:00,7826.400000,7830.800000,7813.600000,7814.500000,18.5082028,0
1393,2026.01.07 16:00,7814.600000,7835.000000,7810.700000,7823.900000,18.9219026,0
1394,2026.01.07 20:00,7823.800000,7826.900000,7805.700000,7807.100000,19.0846238,0
1395,2026.01.08 00:00,7807.000000,7807.200000,7787.100000,7801.700000,19.1571507,0
1396,2026.01.08 04:00,7801.800000,7814.400000,7794.100000,7808.900000,19.2387828,0
1397,2026.01.08 08:00,7808.800000,7828.000000,7807.500000,7825.300000,19.3288697,0
1398,2026.01.08 12:00,7825.200000,7830.600000,7821.300000,7822.900000,18.6125219,0
1399,2026.01.08 16:00,7823.000000,7832.400000,7808.300000,7810.700000,19.0044846,0
1400,2026.01.08 20:00,7810.800000,7813.000000,7791.600000,7801.100000,19.1755928,0
1401,2026.01.09 00:00,7801.000000,7823.200000,7800.100000,7818.100000,19.4559076,0
1402,2026.01.09 04:00,7818.200000,7820.800000,7806.200000,7811.500000,19.1090571,0
1403,2026.01.09 08:00,7811.400000,7820.400000,7800.300000,7805.100000,19.1798387,0
1404,2026.01.09 12:00,7805.200000,7811.700000,7797.000000,7804.100000,18.8598503,0
1405,2026.01.09 16:00,7804.000000,7809.900000,7798.100000,7802.500000,18.3555752,0
1406,2026.01.09 20:00,7802.600000,7806.000000,7794.300000,7798.700000,17.8801770,0
1407,2026.01.10 00:00,7798.600000,7809.800000,7797.200000,7809.300000,17.5030215,0
1408,2026.01.10 04:00,7809.400000,7818.100000,7800.100000,7814.900000,17.5385200,0
1409,2026.01.10 08:00,7815.000000,7816.100000,7802.300000,7809.700000,17.2714828,0
1410,2026.01.10 12:00,7809.600000,7817.300000,7803.200000,7807.100000,17.0449483,0
1411,2026.01.10 16:00,7807.200000,7813.200000,7787.300000,7788.700000,17.6774520,0
1412,2026.01.10 20:00,7788.800000,7795.400000,7779.500000,7788.700000,17.5504912,0
1413,2026.01.11 00:00,7788.600000,7793.600000,7775.400000,7778.300000,17.5968847,0
1414,2026.01.11 04:00,7778.200000,7791.800000,7772.700000,7790.700000,17.7042500,0
1415,2026.01.11 08:00,7790.600000,7800.900000,7788.200000,7797.100000,17.3468036,0
1416,2026.01.11 12:00,7797.200000,7799.900000,7773.200000,7777.100000,18.0148891,0
1417,2026.01.11 16:00,7777.000000,7797.000000,7775.600000,7788.900000,18.2566827,0
1418,2026.01.11 20:00,7789.000000,7792.700000,7771.400000,7777.900000,18.4740625,0
1419,2026.01.12 00:00,7777.800000,7801.800000,7776.200000,7798.700000,18.9830580,0
1420,2026.01.12 04:00,7798.600000,7820.700000,7796.500000,7820.700000,19.3556968,0
1421,2026.01.12 08:00,7820.800000,7823.400000,7788.600000,7790.500000,20.4588613,0
1422,2026.01.12 12:00,7790.600000,7798.700000,7782.900000,7795.900000,20.1260855,0
1423,2026.01.12 16:00,7795.800000,7805.500000,7784.200000,7803.400000,20.2099365,0
1424,2026.01.12 20:00,7803.500000,7830.000000,7801.200000,7824.000000,20.8235125,0
1425,2026.01.13 00:00,7823.900000,7839.800000,7818.700000,7835.600000,20.8432616,0
1426,2026.01.13 04:00,7835.500000,7842.900000,7813.000000,7813.600000,21.4901715,0
1427,2026.01.13 08:00,7813.500000,7814.900000,7797.200000,7803.600000,21.2194449,0
1428,2026.01.13 12:00,7803.700000,7816.200000,7803.700000,7812.200000,20.6037703,0
1429,2026.01.13 16:00,7812.300000,7833.900000,7809.400000,7826.600000,20.8820724,0
1430,2026.01.13 20:00,7826.500000,7841.600000,7826.100000,7828.200000,20.4976387,0
1431,2026.01.14 00:00,7828.300000,7835.100000,7811.900000,7815.800000,20.6906645,0
1432,2026.01.14 04:00,7815.700000,7822.600000,7798.200000,7803.800000,20.9556170,0
1433,2026.01.14 08:00,7803.900000,7829.200000,7803.900000,7822.400000,21.2730729,0
1434,2026.01.14 12:00,7822.300000,7829.700000,7791.500000,7791.600000,22.4821392,0
1435,2026.01.14 16:00,7791.500000,7808.700000,7789.600000,7797.000000,22.2405578,0
1436,2026.01.14 20:00,7797.100000,7814.600000,7796.600000,7802.600000,21.9376608,0
1437,2026.01.15 00:00,7802.500000,7810.800000,7794.100000,7810.400000,21.5635422,0
1438,2026.01.15 04:00,7810.500000,7823.600000,7810.400000,7821.000000,20.9661463,0
1439,2026.01.15 08:00,7820.900000,7826.600000,7814.700000,7823.600000,20.3185644,0
1440,2026.01.15 12:00,7823.500000,7828.800000,7811.900000,7817.000000,20.0743813,0
1441,2026.01.15 16:00,7817.100000,7826.100000,7812.500000,7823.000000,19.6119255,0
1442,2026.01.15 20:00,7822.900000,7837.700000,7817.500000,7823.600000,19.6539308,0
1443,2026.01.16 00:00,7823.500000,7828.400000,7811.900000,7817.000000,19.4286500,0
1444,2026.01.16 04:00,7816.900000,7820.000000,7793.200000,7803.000000,19.9551750,0
1445,2026.01.16 08:00,7803.100000,7805.300000,7792.600000,7795.400000,19.4369482,0
1446,2026.01.16 12:00,7795.300000,7798.800000,7783.300000,7792.000000,19.1557376,0
1447,2026.01.16 16:00,7791.900000,7816.600000,7787.200000,7816.200000,19.8874707,0
1448,2026.01.16 20:00,7816.100000,7827.200000,7807.000000,7823.800000,19.9097942,0
1449,2026.01.17 00:00,7823.900000,7825.800000,7812.500000,7813.400000,19.4376660,0
1450,2026.01.17 04:00,7813.300000,7818.600000,7808.400000,7813.400000,18.7778327,0
1451,2026.01.17 08:00,7813.300000,7829.800000,7802.700000,7827.400000,19.3722733,0
1452,2026.01.17 12:00,7827.300000,7834.500000,7821.700000,7833.800000,18.9028252,0
1453,2026.01.17 16:00,7833.900000,7836.000000,7812.500000,7823.800000,19.2311948,0
1454,2026.01.17 20:00,7823.700000,7828.600000,7813.300000,7815.200000,18.9503952,0
1455,2026.01.18 00:00,7815.300000,7824.500000,7804.000000,7813.000000,19.0610812,0
1456,2026.01.18 04:00,7812.900000,7842.200000,7812.600000,7839.600000,19.8138611,0
1457,2026.01.18 08:00,7839.500000,7839.800000,7827.400000,7835.800000,19.2842996,0
1458,2026.01.18 12:00,7835.900000,7850.100000,7827.900000,7850.000000,19.4925639,0
1459,2026.01.18 16:00,7850.100000,7850.600000,7829.300000,7830.000000,19.6216665,0
1460,2026.01.18 20:00,7830.100000,7843.900000,7821.200000,7825.000000,19.8415475,0
1461,2026.01.19 00:00,7824.900000,7829.900000,7812.700000,7816.300000,19.6528655,0
1462,2026.01.19 04:00,7816.400000,7818.100000,7797.400000,7799.100000,19.7276608,0
1463,2026.01.19 08:00,7799.200000,7799.400000,7783.000000,7790.500000,19.4899708,0
1464,2026.01.19 12:00,7790.400000,7794.900000,7783.000000,7788.700000,18.9478300,0
1465,2026.01.19 16:00,7788.800000,7789.100000,7753.300000,7753.900000,20.1515564,0
1466,2026.01.19 20:00,7754.000000,7778.400000,7752.600000,7777.500000,20.5550167,0
1467,2026.01.20 00:00,7777.600000,7792.000000,7771.900000,7789.300000,20.5225155,0
1468,2026.01.20 04:00,7789.200000,7790.300000,7775.700000,7776.100000,20.0994787,0
1469,2026.01.20 08:00,7776.000000,7781.400000,7766.100000,7772.100000,19.7566588,0
1470,2026.01.20 12:00,7772.000000,7786.300000,7766.700000,7768.300000,19.7454689,0
1471,2026.01.20 16:00,7768.200000,7770.600000,7753.000000,7762.500000,19.5922211,0
1472,2026.01.20 20:00,7762.600000,7764.800000,7747.400000,7749.900000,19.4356339,0
1473,2026.01.21 00:00,7749.800000,7750.900000,7735.600000,7738.700000,19.1402314,0
1474,2026.01.21 04:00,7738.600000,7742.200000,7727.700000,7734.300000,18.8087863,0
1475,2026.01.21 08:00,7734.400000,7738.300000,7716.700000,7724.700000,19.0081587,0
1476,2026.01.21 12:00,7724.600000,7736.900000,7713.000000,7729.500000,19.3575760,0
1477,2026.01.21 16:00,7729.400000,7749.500000,7729.000000,7748.900000,19.4391777,0
1478,2026.01.21 20:00,7748.800000,7758.900000,7736.500000,7738.100000,19.6506650,0
1479,2026.01.22 00:00,7738.200000,7762.800000,7737.700000,7761.500000,20.0399032,0
1480,2026.01.22 04:00,7761.400000,7765.100000,7747.200000,7763.300000,19.8870530,0
1481,2026.01.22 08:00,7763.400000,7781.500000,7758.400000,7780.500000,20.1165492,0
1482,2026.01.22 12:00,7780.600000,7782.400000,7765.100000,7766.100000,19.9153671,0
1483,2026.01.22 16:00,7766.200000,7791.400000,7766.200000,7787.700000,20.2999838,0
1484,2026.01.22 20:00,7787.800000,7796.300000,7782.100000,7791.500000,19.8642706,0
1485,2026.01.23 00:00,7791.400000,7794.500000,7775.400000,7784.500000,19.8096799,0
1486,2026.01.23 04:00,7784.400000,7799.400000,7781.600000,7797.700000,19.6661313,0
1487,2026.01.23 08:00,7797.600000,7815.400000,7793.700000,7812.300000,19.8114076,0
1488,2026.01.23 12:00,7812.400000,7828.600000,7811.100000,7817.500000,19.6463071,0
1489,2026.01.23 16:00,7817.600000,7823.300000,7806.500000,7820.900000,19.4429994,0
1490,2026.01.23 20:00,7821.000000,7825.400000,7813.400000,7816.300000,18.9113566,0
1491,2026.01.24 00:00,7816.200000,7816.300000,7796.100000,7799.700000,19.0034026,0
1492,2026.01.24 04:00,7799.600000,7806.200000,7795.600000,7803.700000,18.4031595,0
1493,2026.01.24 08:00,7803.600000,7828.500000,7802.700000,7826.300000,18.9315053,0
1494,2026.01.24 12:00,7826.200000,7827.700000,7816.000000,7823.700000,18.4149692,0
1495,2026.01.24 16:00,7823.600000,7832.600000,7814.300000,7831.700000,18.4067571,0
1496,2026.01.24 20:00,7831.800000,7832.600000,7817.200000,7824.500000,18.1919887,0
1497,2026.01.25 00:00,7824.600000,7836.200000,7812.600000,7819.500000,18.5782753,0
1498,2026.01.25 04:00,7819.600000,7840.200000,7818.500000,7838.700000,18.8012556,0
1499,2026.01.25 08:00,7838.800000,7853.300000,7836.200000,7845.900000,18.6797373,0
1500,2026.01.25 12:00,7846.000000,7870.900000,7844.100000,7866.100000,19.2597561,0
1501,2026.01.25 16:00,7866.200000,7874.900000,7858.100000,7868.500000,19.0840592,0
1502,2026.01.25 20:00,7868.400000,7870.900000,7856.200000,7864.700000,18.7709122,0
1503,2026.01.26 00:00,7864.800000,7887.500000,7859.400000,7884.300000,19.4372756,0
1504,2026.01.26 04:00,7884.200000,7902.300000,7880.500000,7891.300000,19.6060416,0
1505,2026.01.26 08:00,7891.400000,7896.100000,7881.000000,7893.900000,19.2841815,0
1506,2026.01.26 12:00,7894.000000,7900.100000,7883.900000,7885.700000,19.0638828,0
1507,2026.01.26 16:00,7885.800000,7890.300000,7873.300000,7888.500000,18.9164626,0
1508,2026.01.26 20:00,7888.400000,7897.000000,7878.700000,7881.300000,18.8724296,0
1509,2026.01.27 00:00,7881.200000,7894.900000,7875.500000,7885.300000,18.9101132,0
1510,2026.01.27 04:00,7885.400000,7898.700000,7882.500000,7883.500000,18.7165337,0
1511,2026.01.27 08:00,7883.400000,7893.400000,7874.500000,7887.300000,18.7296384,0
1512,2026.01.27 12:00,7887.400000,7917.000000,7886.200000,7907.300000,19.5918071,0
1513,2026.01.27 16:00,7907.200000,7915.500000,7902.800000,7904.300000,19.0995351,0
1514,2026.01.27 20:00,7904.200000,7924.200000,7901.100000,7922.500000,19.3852826,0
1515,2026.01.28 00:00,7922.600000,7939.800000,7922.500000,7933.500000,19.2363339,0
1516,2026.01.28 04:00,7933.600000,7937.600000,7920.600000,7932.500000,19.0765957,0
1517,2026.01.28 08:00,7932.400000,7940.900000,7929.500000,7936.300000,18.5282675,0
1518,2026.01.28 12:00,7936.200000,7943.700000,7918.500000,7922.700000,19.0048198,0
1519,2026.01.28 16:00,7922.600000,7937.000000,7915.800000,7920.700000,19.1616184,0
1520,2026.01.28 20:00,7920.800000,7931.100000,7919.100000,7921.700000,18.6500742,0
1521,2026.01.29 00:00,7921.800000,7923.300000,7894.400000,7897.700000,19.3822118,0
1522,2026.01.29 04:00,7897.800000,7901.400000,7884.900000,7900.100000,19.1763395,0
1523,2026.01.29 08:00,7900.000000,7900.200000,7881.800000,7890.500000,19.1208867,0
1524,2026.01.29 12:00,7890.400000,7912.600000,7889.900000,7903.300000,19.3765376,0
1525,2026.01.29 16:00,7903.200000,7910.700000,7890.900000,7907.900000,19.4067849,0
1526,2026.01.29 20:00,7907.800000,7912.900000,7887.100000,7892.500000,19.8634432,0
1527,2026.01.30 00:00,7892.400000,7904.900000,7880.200000,7904.300000,20.2089115,0
1528,2026.01.30 04:00,7904.400000,7922.200000,7903.600000,7909.300000,20.0939893,0
1529,2026.01.30 08:00,7909.400000,7921.300000,7901.300000,7903.500000,20.0872757,0
1530,2026.01.30 12:00,7903.600000,7904.900000,7892.200000,7904.700000,19.5596132,0
1531,2026.01.30 16:00,7904.600000,7920.100000,7895.900000,7919.900000,19.8910694,0
1532,2026.01.30 20:00,7920.000000,7920.400000,7910.300000,7919.700000,19.1917073,0
1533,2026.01.31 00:00,7919.800000,7940.200000,7915.900000,7938.900000,19.5565853,0
1534,2026.01.31 04:00,7939.000000,7943.900000,7930.900000,7936.900000,19.0882578,0
1535,2026.01.31 08:00,7936.800000,7943.900000,7923.600000,7937.700000,19.1748108,0
1536,2026.01.31 12:00,7937.800000,7938.100000,7900.800000,7901.100000,20.4694672,0
1537,2026.01.31 16:00,7901.000000,7907.700000,7893.400000,7894.900000,20.0287910,0
1538,2026.01.31 20:00,7895.000000,7907.500000,7881.200000,7883.300000,20.4767345,0
1539,2026.02.01 00:00,7883.200000,7887.900000,7863.900000,7875.500000,20.7283963,0
1540,2026.02.01 04:00,7875.400000,7881.300000,7865.300000,7868.500000,20.3906537,0
1541,2026.02.01 08:00,7868.400000,7888.500000,7868.000000,7873.100000,20.3984642,0
1542,2026.02.01 12:00,7873.000000,7877.600000,7855.900000,7861.900000,20.4914310,0
1543,2026.02.01 16:00,7862.000000,7868.300000,7834.400000,7845.700000,21.4491859,0
1544,2026.02.01 20:00,7845.800000,7851.300000,7831.500000,7843.100000,21.3313869,0
1545,2026.02.02 00:00,7843.000000,7864.800000,7842.600000,7855.300000,21.3934307,0
1546,2026.02.02 04:00,7855.200000,7874.400000,7849.300000,7869.700000,21.6581857,0
1547,2026.02.02 08:00,7869.800000,7873.100000,7855.300000,7860.300000,21.3826010,0
1548,2026.02.02 12:00,7860.200000,7871.300000,7856.900000,7858.100000,20.8838438,0
1549,2026.02.02 16:00,7858.000000,7864.200000,7851.000000,7856.500000,20.3349978,0
1550,2026.02.02 20:00,7856.400000,7876.800000,7856.100000,7867.100000,20.3610694,0
1551,2026.02.03 00:00,7867.200000,7867.700000,7855.300000,7859.100000,19.7924216,0
1552,2026.02.03 04:00,7859.000000,7876.200000,7853.400000,7873.300000,20.0072486,0
1553,2026.02.03 08:00,7873.200000,7882.700000,7870.000000,7875.700000,19.4853023,0
1554,2026.02.03 12:00,7875.600000,7877.800000,7855.200000,7856.900000,19.7077807,0
1555,2026.02.03 16:00,7856.800000,7858.000000,7843.500000,7845.700000,19.3357963,0
1556,2026.02.03 20:00,7845.800000,7865.300000,7842.900000,7861.900000,19.5546680,0
1557,2026.02.04 00:00,7861.800000,7882.600000,7855.400000,7877.100000,20.1007632,0
1558,2026.02.04 04:00,7877.000000,7893.400000,7873.100000,7891.100000,20.1149944,0
1559,2026.02.04 08:00,7891.000000,7902.200000,7876.700000,7883.700000,20.4996376,0
1560,2026.02.04 12:00,7883.800000,7885.600000,7873.500000,7878.900000,19.8996635,0
1561,2026.02.04 16:00,7879.000000,7880.500000,7863.800000,7872.100000,19.6711161,0
1562,2026.02.04 20:00,7872.200000,7881.700000,7868.900000,7876.100000,19.1803221,0
1563,2026.02.05 00:00,7876.200000,7885.900000,7873.900000,7881.500000,18.6674420,0
1564,2026.02.05 04:00,7881.400000,7892.000000,7868.600000,7868.900000,19.0054818,0
1565,2026.02.05 08:00,7868.800000,7869.200000,7840.700000,7842.100000,19.6836617,0
1566,2026.02.05 12:00,7842.200000,7869.100000,7842.100000,7863.700000,20.2062573,0
1567,2026.02.05 16:00,7863.600000,7872.700000,7860.200000,7865.300000,19.6558103,0
1568,2026.02.05 20:00,7865.400000,7880.600000,7864.100000,7878.900000,19.4303953,0
1569,2026.02.06 00:00,7879.000000,7879.900000,7864.000000,7864.300000,19.1782242,0
1570,2026.02.06 04:00,7864.200000,7874.000000,7858.600000,7866.700000,18.9083511,0
1571,2026.02.06 08:00,7866.800000,7893.700000,7864.900000,7891.700000,19.6148974,0
1572,2026.02.06 12:00,7891.600000,7910.400000,7888.400000,7889.500000,19.7852619,0
1573,2026.02.06 16:00,7889.400000,7904.200000,7885.300000,7900.700000,19.7220289,0
1574,2026.02.06 20:00,7900.600000,7902.400000,7879.800000,7882.500000,19.9275983,0
1575,2026.02.07 00:00,7882.600000,7892.500000,7874.900000,7890.700000,19.7613412,0
1576,2026.02.07 04:00,7890.800000,7900.700000,7885.600000,7897.900000,19.4283883,0
1577,2026.02.07 08:00,7897.800000,7910.500000,7888.700000,7892.700000,19.5977891,0
1578,2026.02.07 12:00,7892.800000,7896.000000,7885.600000,7888.700000,18.9408042,0
1579,2026.02.07 16:00,7888.800000,7904.600000,7886.300000,7899.100000,18.8950325,0
1580,2026.02.07 20:00,7899.000000,7909.100000,7894.700000,7899.900000,18.5739587,0
1581,2026.02.08 00:00,7899.800000,7905.200000,7879.100000,7880.500000,19.1115331,0
1582,2026.02.08 04:00,7880.400000,7889.900000,7873.600000,7886.900000,18.9107093,0
1583,2026.02.08 08:00,7887.000000,7892.800000,7875.600000,7876.300000,18.7885158,0
1584,2026.02.08 12:00,7876.200000,7880.000000,7841.600000,7843.500000,20.1893361,0
1585,2026.02.08 16:00,7843.600000,7848.600000,7836.700000,7838.300000,19.5972406,0
1586,2026.02.08 20:00,7838.400000,7845.400000,7826.900000,7840.500000,19.5188663,0
1587,2026.02.09 00:00,7840.400000,7850.700000,7834.900000,7845.100000,19.2532330,0
1588,2026.02.09 04:00,7845.000000,7846.700000,7825.000000,7825.700000,19.4280021,0
1589,2026.02.09 08:00,7825.600000,7834.500000,7821.400000,7824.500000,18.9760019,0
1590,2026.02.09 12:00,7824.600000,7838.700000,7821.000000,7829.900000,18.8848589,0
1591,2026.02.09 16:00,7830.000000,7835.200000,7822.700000,7827.100000,18.4287976,0
1592,2026.02.09 20:00,7827.000000,7830.800000,7813.000000,7814.500000,18.3838835,0
1593,2026.02.10 00:00,7814.600000,7817.900000,7806.400000,7807.700000,17.8921775,0
1594,2026.02.10 04:00,7807.600000,7828.900000,7806.800000,7823.500000,18.1927363,0
1595,2026.02.10 08:00,7823.400000,7825.400000,7801.000000,7803.100000,18.6361122,0
1596,2026.02.10 12:00,7803.000000,7820.600000,7797.200000,7807.500000,18.9763899,0
1597,2026.02.10 16:00,7807.600000,7825.400000,7803.300000,7816.300000,19.1995049,0
1598,2026.02.10 20:00,7816.400000,7819.200000,7801.900000,7804.900000,19.0638260,0
1599,2026.02.11 00:00,7805.000000,7825.200000,7801.000000,7821.300000,19.4306956,0
1600,2026.02.11 04:00,7821.400000,7826.500000,7811.300000,7825.800000,19.1285030,0
1601,2026.02.11 08:00,7825.900000,7842.700000,7816.900000,7838.000000,19.6050385,0
1602,2026.02.11 12:00,7837.900000,7840.300000,7824.300000,7826.400000,19.3475358,0
1603,2026.02.11 16:00,7826.500000,7829.500000,7811.100000,7813.000000,19.2798547,0
1604,2026.02.11 20:00,7813.100000,7813.500000,7797.700000,7806.200000,19.0312936,0
1605,2026.02.12 00:00,7806.100000,7817.600000,7792.600000,7815.000000,19.4576298,0
1606,2026.02.12 04:00,7814.900000,7819.400000,7799.000000,7812.200000,19.5249419,0
1607,2026.02.12 08:00,7812.100000,7813.100000,7785.500000,7786.800000,20.1017318,0
1608,2026.02.12 12:00,7786.900000,7798.300000,7781.600000,7793.400000,19.8587510,0
1609,2026.02.12 16:00,7793.300000,7809.200000,7792.600000,7802.200000,19.6259830,0
1610,2026.02.12 20:00,7802.100000,7820.700000,7800.100000,7815.400000,19.6955557,0
1611,2026.02.13 00:00,7815.500000,7824.700000,7806.300000,7820.900000,19.6030160,0
1612,2026.02.13 04:00,7821.000000,7831.100000,7807.900000,7807.900000,19.8599434,0
1613,2026.02.13 08:00,7808.000000,7823.600000,7799.800000,7823.100000,20.1413760,0
1614,2026.02.13 12:00,7823.000000,7835.000000,7812.300000,7812.700000,20.3241349,0
1615,2026.02.13 16:00,7812.800000,7818.200000,7807.400000,7816.300000,19.6438395,0
1616,2026.02.13 20:00,7816.400000,7823.700000,7804.400000,7807.100000,19.6192796,0
1617,2026.02.14 00:00,7807.000000,7822.400000,7803.400000,7803.500000,19.5750453,0
1618,2026.02.14 04:00,7803.600000,7807.300000,7789.400000,7794.100000,19.4553992,0
1619,2026.02.14 08:00,7794.000000,7806.300000,7788.300000,7801.100000,19.3514421,0
1620,2026.02.14 12:00,7801.200000,7809.300000,7800.500000,7805.300000,18.5977677,0
1621,2026.02.14 16:00,7805.400000,7826.500000,7803.700000,7820.500000,18.8979271,0
1622,2026.02.14 20:00,7820.600000,7824.200000,7804.300000,7808.700000,18.9695038,0
1623,2026.02.15 00:00,7808.600000,7814.300000,7796.000000,7810.700000,18.9216821,0
1624,2026.02.15 04:00,7810.600000,7815.200000,7807.100000,7812.500000,18.1487048,0
1625,2026.02.15 08:00,7812.400000,7812.800000,7799.800000,7803.900000,17.7809402,0
1626,2026.02.15 12:00,7804.000000,7820.300000,7795.300000,7819.900000,18.2965873,0
1627,2026.02.15 16:00,7820.000000,7829.200000,7813.200000,7816.700000,18.1325453,0
1628,2026.02.15 20:00,7816.800000,7833.600000,7812.800000,7828.900000,18.3230778,0
1629,2026.02.16 00:00,7828.800000,7849.600000,7828.100000,7831.900000,18.5500008,0
1630,2026.02.16 04:00,7831.800000,7865.000000,7831.500000,7852.700000,19.6178579,0
1631,2026.02.16 08:00,7852.800000,7855.100000,7846.600000,7849.700000,18.8237252,0
1632,2026.02.16 12:00,7849.600000,7862.400000,7837.700000,7840.700000,19.2434591,0
1633,2026.02.16 16:00,7840.800000,7842.800000,7831.200000,7835.100000,18.6974978,0
1634,2026.02.16 20:00,7835.000000,7839.400000,7807.600000,7813.100000,19.6333908,0
1635,2026.02.17 00:00,7813.000000,7840.900000,7813.000000,7836.500000,20.2238629,0
1636,2026.02.17 04:00,7836.600000,7858.000000,7832.400000,7850.500000,20.6078727,0
1637,2026.02.17 08:00,7850.600000,7866.900000,7847.500000,7862.700000,20.5215960,0
1638,2026.02.17 12:00,7862.800000,7870.100000,7857.100000,7866.100000,19.9843392,0
1639,2026.02.17 16:00,7866.200000,7886.200000,7865.700000,7883.900000,20.0211721,0
1640,2026.02.17 20:00,7883.800000,7890.700000,7873.700000,7887.300000,19.8053741,0
1641,2026.02.18 00:00,7887.200000,7896.400000,7883.100000,7888.700000,19.3407045,0
1642,2026.02.18 04:00,7888.600000,7903.200000,7885.900000,7902.900000,19.1949399,0
1643,2026.02.18 08:00,7903.000000,7920.600000,7901.700000,7914.500000,19.1738728,0
1644,2026.02.18 12:00,7914.400000,7916.200000,7895.500000,7904.900000,19.2828819,0
1645,2026.02.18 16:00,7904.800000,7923.100000,7892.700000,7922.700000,20.0769617,0
1646,2026.02.18 20:00,7922.800000,7935.700000,7922.600000,7925.900000,19.5786073,0
1647,2026.02.19 00:00,7926.000000,7937.300000,7925.600000,7931.100000,19.0158496,0
1648,2026.02.19 04:00,7931.000000,7933.800000,7920.500000,7925.100000,18.6075747,0
1649,2026.02.19 08:00,7925.000000,7928.300000,7908.400000,7919.900000,18.6998908,0
1650,2026.02.19 12:00,7920.000000,7922.000000,7897.300000,7903.700000,19.1284700,0
1651,2026.02.19 16:00,7903.600000,7914.500000,7901.600000,7914.300000,18.6835793,0
1652,2026.02.19 20:00,7914.400000,7929.800000,7906.900000,7911.500000,18.9847522,0
1653,2026.02.20 00:00,7911.600000,7914.500000,7896.100000,7906.100000,18.9429842,0
1654,2026.02.20 04:00,7906.000000,7910.800000,7891.200000,7893.100000,18.9899139,0
1655,2026.02.20 08:00,7893.000000,7902.800000,7881.700000,7883.300000,19.1406343,0
1656,2026.02.20 12:00,7883.200000,7898.800000,7883.200000,7896.500000,18.8877319,0
1657,2026.02.20 16:00,7896.600000,7899.600000,7888.300000,7898.300000,18.3457510,0
1658,2026.02.20 20:00,7898.400000,7911.600000,7894.400000,7911.100000,18.2639117,0
1659,2026.02.21 00:00,7911.000000,7923.300000,7904.400000,7905.300000,18.3093465,0
1660,2026.02.21 04:00,7905.200000,7910.400000,7897.600000,7902.700000,17.9158218,0
1661,2026.02.21 08:00,7902.600000,7916.900000,7901.300000,7914.500000,17.7504059,0
1662,2026.02.21 12:00,7914.600000,7928.200000,7910.000000,7924.700000,17.7825198,0
1663,2026.02.21 16:00,7924.600000,7929.600000,7918.300000,7925.700000,17.3194827,0
1664,2026.02.21 20:00,7925.600000,7945.900000,7922.400000,7938.900000,17.7609482,0
1665,2026.02.22 00:00,7938.800000,7961.900000,7937.100000,7950.100000,18.2637376,0
1666,2026.02.22 04:00,7950.200000,7972.500000,7949.700000,7959.700000,18.5877564,0
1667,2026.02.22 08:00,7959.800000,7961.700000,7946.300000,7951.700000,18.3600595,0
1668,2026.02.22 12:00,7951.800000,7953.000000,7939.200000,7943.300000,18.0343409,0
1669,2026.02.22 16:00,7943.200000,7957.600000,7941.600000,7942.100000,17.8890309,0
1670,2026.02.22 20:00,7942.000000,7948.700000,7921.800000,7933.100000,18.5326715,0
1671,2026.02.23 00:00,7933.200000,7940.600000,7925.200000,7931.900000,18.3089093,0
1672,2026.02.23 04:00,7931.800000,7931.900000,7915.200000,7921.100000,18.1939872,0
1673,2026.02.23 08:00,7921.200000,7934.700000,7919.100000,7934.300000,18.0087024,0
1674,2026.02.23 12:00,7934.400000,7967.100000,7932.400000,7958.100000,19.2009379,0
1675,2026.02.23 16:00,7958.000000,7966.000000,7948.600000,7949.300000,19.0722995,0
1676,2026.02.23 20:00,7949.400000,7956.800000,7933.000000,7939.900000,19.4099924,0
1677,2026.02.24 00:00,7940.000000,7943.600000,7926.900000,7928.700000,19.2164215,0
1678,2026.02.24 04:00,7928.800000,7935.300000,7895.000000,7897.500000,20.7223914,0
1679,2026.02.24 08:00,7897.400000,7919.700000,7897.200000,7917.000000,20.8493634,0
1680,2026.02.24 12:00,7916.900000,7935.400000,7916.900000,7920.200000,20.6815518,0
1681,2026.02.24 16:00,7920.100000,7928.500000,7901.400000,7905.200000,21.1400124,0
1682,2026.02.24 20:00,7905.300000,7906.000000,7878.200000,7881.600000,21.6157258,0
1683,2026.02.25 00:00,7881.700000,7893.000000,7879.300000,7890.400000,21.0503168,0
1684,2026.02.25 04:00,7890.500000,7899.300000,7884.900000,7887.000000,20.5752942,0
1685,2026.02.25 08:00,7887.100000,7902.600000,7883.400000,7902.400000,20.4770589,0
1686,2026.02.25 12:00,7902.300000,7903.200000,7887.300000,7894.400000,20.1501261,0
1687,2026.02.25 16:00,7894.300000,7906.800000,7890.200000,7895.800000,19.8965456,0
1688,2026.02.25 20:00,7895.900000,7923.200000,7894.900000,7918.800000,20.4967924,0
1689,2026.02.26 00:00,7918.700000,7931.700000,7915.400000,7920.200000,20.1970215,0
1690,2026.02.26 04:00,7920.300000,7948.200000,7920.200000,7946.800000,20.7543771,0
1691,2026.02.26 08:00,7946.700000,7949.800000,7931.600000,7934.400000,20.5719216,0
1692,2026.02.26 12:00,7934.500000,7947.300000,7928.000000,7947.200000,20.4810701,0
1693,2026.02.26 16:00,7947.100000,7954.100000,7939.800000,7951.200000,20.0395651,0
1694,2026.02.26 20:00,7951.100000,7955.700000,7945.300000,7954.400000,19.3510247,0
1695,2026.02.27 00:00,7954.300000,7964.700000,7950.900000,7962.000000,18.9545229,0
1696,2026.02.27 04:00,7961.900000,7962.200000,7946.100000,7953.400000,18.7506284,0
1697,2026.02.27 08:00,7953.300000,7975.800000,7951.900000,7960.400000,19.1184407,0
1698,2026.02.27 12:00,7960.300000,7970.400000,7934.700000,7937.800000,20.3028378,0
1699,2026.02.27 16:00,7937.700000,7949.400000,7930.100000,7947.800000,20.2312065,0
1700,2026.02.27 20:00,7947.700000,7950.500000,7926.800000,7927.400000,20.4789775,0
1701,2026.02.28 00:00,7927.500000,7934.700000,7910.000000,7913.000000,20.7804791,0
1702,2026.02.28 04:00,7913.100000,7921.600000,7902.700000,7904.000000,20.6461591,0
1703,2026.02.28 08:00,7904.100000,7912.500000,7900.900000,7909.800000,20.0000049,0
1704,2026.02.28 12:00,7909.700000,7917.400000,7901.400000,7907.400000,19.7142903,0
1705,2026.02.28 16:00,7907.300000,7914.100000,7890.000000,7899.600000,20.0275553,0
1706,2026.02.28 20:00,7899.500000,7902.300000,7889.300000,7898.000000,19.5255870,0
1707,2026.03.01 00:00,7897.900000,7899.100000,7886.100000,7892.600000,19.0594737,0
1708,2026.03.01 04:00,7892.500000,7900.000000,7887.700000,7890.200000,18.5766541,0
1709,2026.03.01 08:00,7890.100000,7908.100000,7886.000000,7903.800000,18.8283217,0
1710,2026.03.01 12:00,7903.700000,7923.600000,7893.900000,7898.000000,19.6048701,0
1711,2026.03.01 16:00,7898.100000,7899.000000,7887.200000,7887.800000,19.0473794,0
1712,2026.03.01 20:00,7887.900000,7892.100000,7878.400000,7889.600000,18.6654237,0
1713,2026.03.02 00:00,7889.500000,7895.400000,7881.900000,7893.800000,18.2964649,0
1714,2026.03.02 04:00,7893.700000,7904.300000,7877.400000,7877.800000,18.9110031,0
1715,2026.03.02 08:00,7877.900000,7886.700000,7854.700000,7860.400000,19.8459315,0
1716,2026.03.02 12:00,7860.300000,7866.000000,7850.500000,7853.800000,19.5355078,0
1717,2026.03.02 16:00,7853.700000,7860.500000,7847.000000,7860.400000,19.1044001,0
1718,2026.03.02 20:00,7860.500000,7861.600000,7852.900000,7859.000000,18.3612287,0
1719,2026.03.03 00:00,7858.900000,7869.400000,7846.500000,7855.000000,18.6854266,0
1720,2026.03.03 04:00,7855.100000,7860.400000,7845.400000,7853.100000,18.4221819,0
1721,2026.03.03 08:00,7853.000000,7856.700000,7843.600000,7843.700000,18.0420260,0
1722,2026.03.03 12:00,7843.800000,7864.100000,7838.500000,7859.700000,18.5818813,0
1723,2026.03.03 16:00,7859.600000,7863.000000,7833.600000,7839.900000,19.3546041,0
1724,2026.03.03 20:00,7840.000000,7854.900000,7837.900000,7852.100000,19.1864181,0
1725,2026.03.04 00:00,7852.200000,7856.100000,7842.400000,7843.900000,18.7945311,0
1726,2026.03.04 04:00,7844.000000,7847.700000,7835.100000,7835.300000,18.3520645,0
1727,2026.03.04 08:00,7835.200000,7838.100000,7814.200000,7814.300000,18.7483457,0
1728,2026.03.04 12:00,7814.400000,7816.300000,7797.200000,7797.500000,18.7734638,0
1729,2026.03.04 16:00,7797.400000,7799.200000,7788.900000,7794.900000,18.1682164,0
1730,2026.03.04 20:00,7794.800000,7803.100000,7781.400000,7802.900000,18.4204867,0
1731,2026.03.05 00:00,7803.000000,7810.300000,7798.000000,7800.300000,17.9833090,0
1732,2026.03.05 04:00,7800.200000,7801.600000,7786.700000,7789.100000,17.7630727,0
1733,2026.03.05 08:00,7789.200000,7807.900000,7789.000000,7803.500000,17.8442818,0
1734,2026.03.05 12:00,7803.600000,7807.900000,7782.200000,7787.300000,18.4054045,0
1735,2026.03.05 16:00,7787.200000,7801.800000,7781.200000,7801.700000,18.5621613,0
1736,2026.03.05 20:00,7801.600000,7826.700000,7798.900000,7821.300000,19.2220069,0
1737,2026.03.06 00:00,7821.400000,7831.800000,7812.600000,7819.100000,19.2204350,0
1738,2026.03.06 04:00,7819.000000,7836.100000,7818.300000,7823.900000,19.1189754,0
1739,2026.03.06 08:00,7824.000000,7838.600000,7823.100000,7829.100000,18.8604771,0
1740,2026.03.06 12:00,7829.000000,7835.400000,7820.900000,7823.700000,18.5490145,0
1741,2026.03.06 16:00,7823.800000,7838.600000,7820.900000,7824.700000,18.4883706,0
1742,2026.03.06 20:00,7824.800000,7827.100000,7801.600000,7802.500000,18.9892013,0
1743,2026.03.07 00:00,7802.600000,7810.300000,7798.200000,7808.500000,18.4971155,0
1744,2026.03.07 04:00,7808.600000,7810.800000,7798.700000,7806.700000,18.0401786,0
1745,2026.03.07 08:00,7806.600000,7812.700000,7800.400000,7808.700000,17.6301659,0
1746,2026.03.07 12:00,7808.800000,7825.600000,7807.400000,7824.900000,17.6708683,0
1747,2026.03.07 16:00,7825.000000,7825.700000,7792.300000,7793.100000,18.7943777,0
1748,2026.03.07 20:00,7793.200000,7804.400000,7792.400000,7797.500000,18.3090650,0
1749,2026.03.08 00:00,7797.400000,7811.300000,7796.000000,7807.700000,18.0941318,0
1750,2026.03.08 04:00,7807.600000,7811.500000,7803.600000,7807.100000,17.3659795,0
1751,2026.03.08 08:00,7807.200000,7814.300000,7801.200000,7803.100000,17.0612667,0
1752,2026.03.08 12:00,7803.200000,7820.100000,7797.900000,7816.900000,17.4283191,0
1753,2026.03.08 16:00,7817.000000,7836.200000,7809.600000,7830.900000,18.0834392,0
1754,2026.03.08 20:00,7830.800000,7843.500000,7827.700000,7839.300000,17.9203364,0
1755,2026.03.09 00:00,7839.200000,7849.900000,7838.500000,7846.700000,17.4545980,0
1756,2026.03.09 04:00,7846.800000,7849.900000,7829.700000,7830.700000,17.6506982,0
1757,2026.03.09 08:00,7830.800000,7846.000000,7827.400000,7832.300000,17.7185055,0
1758,2026.03.09 12:00,7832.400000,7845.500000,7827.400000,7838.500000,17.7457551,0
1759,2026.03.09 16:00,7838.600000,7857.000000,7834.900000,7853.500000,18.0567726,0
1760,2026.03.09 20:00,7853.600000,7860.200000,7845.900000,7846.700000,17.7884317,0
1761,2026.03.10 00:00,7846.800000,7873.800000,7846.700000,7866.700000,18.4535437,0
1762,2026.03.10 04:00,7866.600000,7871.000000,7840.400000,7844.500000,19.3211477,0
1763,2026.03.10 08:00,7844.600000,7851.800000,7835.600000,7849.100000,19.0982086,0
1764,2026.03.10 12:00,7849.200000,7849.900000,7839.100000,7842.100000,18.5054794,0
1765,2026.03.10 16:00,7842.200000,7850.800000,7836.800000,7844.700000,18.1836594,0
1766,2026.03.10 20:00,7844.600000,7858.100000,7839.800000,7856.900000,18.1919695,0
1767,2026.03.11 00:00,7857.000000,7873.800000,7855.400000,7872.500000,18.2068288,0
1768,2026.03.11 04:00,7872.600000,7895.300000,7870.900000,7895.100000,18.6491982,0
1769,2026.03.11 08:00,7895.000000,7918.900000,7893.600000,7916.100000,19.1242555,0
1770,2026.03.11 12:00,7916.200000,7922.400000,7913.700000,7917.500000,18.3796658,0
1771,2026.03.11 16:00,7917.600000,7927.400000,7910.800000,7920.700000,18.2525468,0
1772,2026.03.11 20:00,7920.600000,7931.400000,7912.800000,7916.300000,18.2773649,0
1773,2026.03.12 00:00,7916.400000,7928.700000,7916.400000,7928.500000,17.8575531,0
1774,2026.03.12 04:00,7928.600000,7933.200000,7916.200000,7916.900000,17.7962993,0
1775,2026.03.12 08:00,7917.000000,7926.600000,7908.300000,7922.700000,17.8322779,0
1776,2026.03.12 12:00,7922.800000,7943.800000,7922.400000,7935.500000,18.0871152,0
1777,2026.03.12 16:00,7935.600000,7943.500000,7931.700000,7935.700000,17.6380356,0
1778,2026.03.12 20:00,7935.800000,7951.400000,7929.500000,7949.100000,17.9424616,0
1779,2026.03.13 00:00,7949.000000,7954.200000,7940.600000,7946.300000,17.6322858,0
1780,2026.03.13 04:00,7946.400000,7958.700000,7942.000000,7948.500000,17.5656939,0
1781,2026.03.13 08:00,7948.600000,7958.500000,7937.000000,7939.300000,17.8467158,0
1782,2026.03.13 12:00,7939.400000,7945.400000,7922.100000,7936.500000,18.2362361,0
1783,2026.03.13 16:00,7936.400000,7956.700000,7935.600000,7948.900000,18.4407907,0
1784,2026.03.13 20:00,7948.800000,7955.900000,7940.000000,7946.700000,18.2593056,0
1785,2026.03.14 00:00,7946.600000,7957.400000,7940.900000,7956.900000,18.1336409,0
1786,2026.03.14 04:00,7957.000000,7967.900000,7955.100000,7963.100000,17.7526666,0
1787,2026.03.14 08:00,7963.200000,7974.300000,7952.000000,7952.100000,18.0774761,0
1788,2026.03.14 12:00,7952.200000,7982.100000,7946.900000,7981.900000,19.3005135,0
1789,2026.03.14 16:00,7981.800000,7997.400000,7974.800000,7997.300000,19.5361911,0
1790,2026.03.14 20:00,7997.400000,8002.300000,7973.100000,7975.700000,20.2264632,0
1791,2026.03.15 00:00,7975.600000,7981.400000,7958.000000,7963.700000,20.4531444,0
1792,2026.03.15 04:00,7963.800000,7970.300000,7945.900000,7946.500000,20.7350626,0
1793,2026.03.15 08:00,7946.600000,7956.500000,7941.500000,7946.700000,20.3254153,0
1794,2026.03.15 12:00,7946.600000,7963.200000,7945.400000,7948.900000,20.1450285,0
1795,2026.03.15 16:00,7949.000000,7956.000000,7938.200000,7939.900000,19.9775265,0
1796,2026.03.15 20:00,7939.800000,7957.700000,7938.800000,7952.500000,19.9005603,0
1797,2026.03.16 00:00,7952.600000,7953.100000,7936.200000,7940.900000,19.6862346,0
1798,2026.03.16 04:00,7940.800000,7949.600000,7928.900000,7929.100000,19.7586464,0
1799,2026.03.16 08:00,7929.200000,7929.600000,7917.200000,7917.900000,19.2330288,0
1800,2026.03.16 12:00,7917.800000,7921.700000,7905.400000,7911.100000,19.0235267,0
1801,2026.03.16 16:00,7911.200000,7917.300000,7891.800000,7892.500000,19.4861320,0
1802,2026.03.16 20:00,7892.400000,7906.100000,7886.900000,7893.100000,19.4656940,0
1803,2026.03.17 00:00,7893.200000,7914.200000,7889.000000,7913.700000,19.8752872,0
1804,2026.03.17 04:00,7913.600000,7933.400000,7909.100000,7927.900000,20.1913382,0
1805,2026.03.17 08:00,7927.800000,7939.000000,7927.100000,7937.100000,19.5990997,0
1806,2026.03.17 12:00,7937.000000,7943.500000,7925.200000,7938.700000,19.5063069,0
1807,2026.03.17 16:00,7938.800000,7959.800000,7934.700000,7957.300000,19.9058564,0
1808,2026.03.17 20:00,7957.400000,7961.000000,7946.200000,7947.100000,19.5411524,0
1809,2026.03.18 00:00,7947.200000,7947.200000,7925.600000,7926.900000,19.6882129,0
1810,2026.03.18 04:00,7927.000000,7942.300000,7924.400000,7941.700000,19.5604834,0
1811,2026.03.18 08:00,7941.800000,7943.300000,7918.000000,7928.700000,19.9704489,0
1812,2026.03.18 12:00,7928.600000,7937.300000,7926.600000,7932.900000,19.3082740,0
1813,2026.03.18 16:00,7933.000000,7936.300000,7921.300000,7928.700000,19.0005401,0
1814,2026.03.18 20:00,7928.800000,7947.700000,7927.900000,7936.700000,19.0576444,0
1815,2026.03.19 00:00,7936.600000,7944.500000,7927.400000,7935.300000,18.9178126,0
1816,2026.03.19 04:00,7935.200000,7939.100000,7925.400000,7925.700000,18.5451117,0
1817,2026.03.19 08:00,7925.800000,7927.200000,7898.200000,7907.100000,19.2918895,0
1818,2026.03.19 12:00,7907.200000,7914.400000,7899.600000,7911.300000,18.9710402,0
1819,2026.03.19 16:00,7911.400000,7912.900000,7899.000000,7904.300000,18.6088231,0
1820,2026.03.19 20:00,7904.400000,7917.500000,7901.300000,7916.300000,18.4367643,0
1821,2026.03.20 00:00,7916.200000,7924.700000,7915.400000,7922.300000,17.7841383,0
1822,2026.03.20 04:00,7922.200000,7947.900000,7919.200000,7944.100000,18.5638427,0
1823,2026.03.20 08:00,7944.000000,7967.900000,7941.700000,7967.100000,19.1092825,0
1824,2026.03.20 12:00,7967.200000,7980.800000,7965.300000,7976.100000,18.8514766,0
1825,2026.03.20 16:00,7976.000000,7982.700000,7970.200000,7972.700000,18.3977997,0
1826,2026.03.20 20:00,7972.800000,7975.700000,7961.500000,7965.300000,18.0979569,0
1827,2026.03.21 00:00,7965.200000,7979.700000,7961.600000,7973.300000,18.0981028,0
1828,2026.03.21 04:00,7973.200000,7985.700000,7968.300000,7980.300000,18.0482383,0
1829,2026.03.21 08:00,7980.400000,7990.200000,7970.500000,7988.700000,18.1662213,0
1830,2026.03.21 12:00,7988.800000,7989.400000,7975.600000,7983.900000,17.8543483,0
1831,2026.03.21 16:00,7983.800000,7989.300000,7973.500000,7981.300000,17.7076092,0
1832,2026.03.21 20:00,7981.200000,7997.500000,7976.200000,7993.900000,17.9642085,0
1833,2026.03.22 00:00,7994.000000,8017.600000,7993.900000,8003.100000,18.3739079,0
1834,2026.03.22 04:00,8003.000000,8006.800000,7993.500000,8005.500000,18.0114859,0
1835,2026.03.22 08:00,8005.600000,8022.800000,8004.300000,8022.500000,18.0463798,0
1836,2026.03.22 12:00,8022.400000,8035.600000,8015.900000,8030.700000,18.1644955,0
1837,2026.03.22 16:00,8030.600000,8040.600000,8025.000000,8036.300000,17.9813173,0
1838,2026.03.22 20:00,8036.200000,8041.700000,8032.900000,8037.300000,17.3255089,0
1839,2026.03.23 00:00,8037.200000,8049.500000,8033.200000,8048.500000,17.2522582,0
1840,2026.03.23 04:00,8048.600000,8056.600000,8041.000000,8051.300000,17.1342398,0
1841,2026.03.23 08:00,8051.200000,8052.700000,8038.200000,8047.700000,16.9460798,0
1842,2026.03.23 12:00,8047.600000,8056.900000,8045.900000,8053.900000,16.5213598,0
1843,2026.03.23 16:00,8054.000000,8071.000000,8049.800000,8067.900000,16.8555484,0
1844,2026.03.23 20:00,8068.000000,8082.500000,8066.400000,8075.500000,16.8015807,0
1845,2026.03.24 00:00,8075.600000,8083.800000,8059.100000,8066.500000,17.3657535,0
1846,2026.03.24 04:00,8066.600000,8069.900000,8055.500000,8057.900000,17.1539139,0
1847,2026.03.24 08:00,8058.000000,8072.400000,8049.100000,8052.700000,17.5929201,0
1848,2026.03.24 12:00,8052.600000,8059.000000,8045.000000,8058.100000,17.3362829,0
1849,2026.03.24 16:00,8058.000000,8059.300000,8044.200000,8051.300000,17.1765484,0
1850,2026.03.24 20:00,8051.200000,8052.100000,8038.100000,8038.100000,16.9496521,0
1851,2026.03.25 00:00,8038.200000,8046.300000,8032.800000,8041.900000,16.7032484,0
1852,2026.03.25 04:00,8041.800000,8049.600000,8040.100000,8045.100000,16.1887307,0
1853,2026.03.25 08:00,8045.200000,8046.400000,8023.000000,8028.900000,16.7038213,0
1854,2026.03.25 12:00,8029.000000,8038.000000,8025.000000,8025.300000,16.4392627,0
1855,2026.03.25 16:00,8025.400000,8029.700000,8010.700000,8013.100000,16.6221725,0
1856,2026.03.25 20:00,8013.200000,8018.400000,8000.500000,8011.700000,16.7134459,0
1857,2026.03.26 00:00,8011.600000,8013.800000,7999.900000,8004.300000,16.5124854,0
1858,2026.03.26 04:00,8004.400000,8010.300000,7983.100000,7983.700000,17.2758793,0
1859,2026.03.26 08:00,7983.600000,7985.400000,7967.900000,7969.100000,17.2918880,0
1860,2026.03.26 12:00,7969.000000,7988.400000,7967.300000,7978.700000,17.5638960,0
1861,2026.03.26 16:00,7978.800000,8003.800000,7976.400000,8000.100000,18.2664748,0
1862,2026.03.26 20:00,8000.000000,8010.000000,7984.400000,8009.100000,18.7902981,0
1863,2026.03.27 00:00,8009.200000,8019.400000,7994.800000,7998.300000,19.2052768,0
1864,2026.03.27 04:00,7998.200000,8000.300000,7981.900000,7990.500000,19.1477570,0
1865,2026.03.27 08:00,7990.400000,7996.500000,7981.600000,7981.900000,18.8443458,0
1866,2026.03.27 12:00,7982.000000,8003.400000,7976.900000,7976.900000,19.3911782,0
1867,2026.03.27 16:00,7977.000000,7987.200000,7964.000000,7965.700000,19.6632369,0
1868,2026.03.27 20:00,7965.800000,7972.800000,7955.200000,7955.700000,19.5158629,0
1869,2026.03.28 00:00,7955.800000,7956.000000,7942.900000,7951.900000,19.0575869,0
1870,2026.03.28 04:00,7951.800000,7958.400000,7932.400000,7940.700000,19.5534736,0
1871,2026.03.28 08:00,7940.600000,7946.900000,7930.700000,7932.500000,19.3139398,0
1872,2026.03.28 12:00,7932.600000,7942.700000,7919.600000,7942.100000,19.5843726,0
1873,2026.03.28 16:00,7942.200000,7957.200000,7938.800000,7949.900000,19.4997746,0
1874,2026.03.28 20:00,7949.800000,7955.800000,7942.200000,7945.700000,19.0783621,0
1875,2026.03.29 00:00,7945.800000,7960.400000,7944.000000,7947.100000,18.8870505,0
1876,2026.03.29 04:00,7947.000000,7951.300000,7933.900000,7942.300000,18.7808326,0
1877,2026.03.29 08:00,7942.200000,7955.200000,7934.800000,7950.700000,18.8964875,0
1878,2026.03.29 12:00,7950.600000,7951.800000,7937.400000,7949.500000,18.5753098,0
1879,2026.03.29 16:00,7949.400000,7958.400000,7934.800000,7958.300000,18.9342162,0
1880,2026.03.29 20:00,7958.400000,7967.600000,7952.600000,7956.300000,18.6532008,0
1881,2026.03.30 00:00,7956.200000,7966.500000,7955.300000,7961.300000,18.1208293,0
1882,2026.03.30 04:00,7961.400000,7964.200000,7945.900000,7945.900000,18.1336272,0
1883,2026.03.30 08:00,7946.000000,7946.900000,7922.300000,7930.900000,18.5955110,0
1884,2026.03.30 12:00,7930.800000,7935.500000,7922.400000,7931.500000,18.2029745,0
1885,2026.03.30 16:00,7931.600000,7943.100000,7919.000000,7922.500000,18.6241906,0
1886,2026.03.30 20:00,7922.600000,7933.900000,7907.300000,7910.100000,19.1938913,0
1887,2026.03.31 00:00,7910.000000,7916.500000,7897.900000,7909.300000,19.1514705,0
1888,2026.03.31 04:00,7909.400000,7910.500000,7881.100000,7882.000000,19.8835083,0
1889,2026.03.31 08:00,7882.100000,7895.100000,7877.500000,7888.400000,19.7204005,0
1890,2026.03.31 12:00,7888.300000,7906.800000,7888.300000,7905.800000,19.6332291,0
1891,2026.03.31 16:00,7905.700000,7917.400000,7896.400000,7912.600000,19.7308556,0
1892,2026.03.31 20:00,7912.500000,7919.300000,7903.400000,7919.000000,19.4572230,0
1893,2026.04.01 00:00,7919.100000,7920.400000,7894.900000,7898.000000,19.8888500,0
1894,2026.04.01 04:00,7898.100000,7904.600000,7887.800000,7893.200000,19.6682178,0
1895,2026.04.01 08:00,7893.100000,7897.300000,7866.900000,7872.800000,20.4347737,0
1896,2026.04.01 12:00,7872.900000,7878.800000,7859.500000,7870.000000,20.3537184,0
1897,2026.04.01 16:00,7870.100000,7895.400000,7870.000000,7893.400000,20.7141671,0
1898,2026.04.01 20:00,7893.500000,7907.200000,7890.100000,7897.000000,20.4560123,0
1899,2026.04.02 00:00,7896.900000,7903.700000,7890.100000,7898.200000,19.9662971,0
1900,2026.04.02 04:00,7898.100000,7903.600000,7891.200000,7897.600000,19.4258474,0
1901,2026.04.02 08:00,7897.700000,7908.100000,7887.500000,7902.400000,19.5097154,0
1902,2026.04.02 12:00,7902.300000,7919.700000,7901.600000,7906.400000,19.4090214,0
1903,2026.04.02 16:00,7906.500000,7908.600000,7888.900000,7899.400000,19.4298056,0
1904,2026.04.02 20:00,7899.300000,7902.300000,7892.900000,7899.600000,18.7133909,0
1905,2026.04.03 00:00,7899.700000,7914.400000,7899.700000,7913.200000,18.4338630,0
1906,2026.04.03 04:00,7913.100000,7934.000000,7908.200000,7930.600000,18.9600157,0
1907,2026.04.03 08:00,7930.700000,7937.000000,7916.600000,7918.800000,19.0628717,0
1908,2026.04.03 12:00,7918.900000,7924.000000,7908.500000,7920.800000,18.8083808,0
1909,2026.04.03 16:00,7920.900000,7940.800000,7914.300000,7935.400000,19.3577822,0
1910,2026.04.03 20:00,7935.500000,7944.800000,7923.600000,7942.800000,19.4893692,0
1911,2026.04.04 00:00,7942.700000,7961.100000,7938.000000,7955.200000,19.7472714,0
1912,2026.04.04 04:00,7955.300000,7959.500000,7941.300000,7953.600000,19.6367520,0
1913,2026.04.04 08:00,7953.700000,7967.000000,7952.500000,7966.400000,19.2698412,0
1914,2026.04.04 12:00,7966.300000,7982.400000,7960.600000,7974.400000,19.4505668,0
1915,2026.04.04 16:00,7974.300000,7974.600000,7948.200000,7959.800000,19.9469549,0
1916,2026.04.04 20:00,7959.700000,7963.100000,7947.500000,7951.200000,19.6364581,0
1917,2026.04.05 00:00,7951.300000,7956.400000,7941.700000,7953.600000,19.2838539,0
1918,2026.04.05 04:00,7953.700000,7967.800000,7950.700000,7959.600000,19.1278644,0
1919,2026.04.05 08:00,7959.500000,7962.400000,7938.700000,7942.000000,19.4544455,0
1920,2026.04.05 12:00,7942.100000,7947.300000,7931.400000,7933.400000,19.2005565,0
1921,2026.04.05 16:00,7933.500000,7936.700000,7906.400000,7906.400000,19.9933739,0
1922,2026.04.05 20:00,7906.300000,7933.200000,7900.900000,7929.600000,20.8724186,0
1923,2026.04.06 00:00,7929.500000,7943.900000,7921.000000,7943.000000,21.0172459,0
1924,2026.04.06 04:00,7943.100000,7952.200000,7936.000000,7950.400000,20.6731569,0
1925,2026.04.06 08:00,7950.500000,7968.100000,7943.500000,7967.000000,20.9536457,0
1926,2026.04.06 12:00,7967.100000,7977.100000,7967.000000,7968.800000,20.1783853,0
1927,2026.04.06 16:00,7968.900000,7979.200000,7961.700000,7977.800000,19.9870720,0
1928,2026.04.06 20:00,7977.700000,7977.800000,7957.700000,7960.800000,19.9951383,0
1929,2026.04.07 00:00,7960.900000,7966.800000,7949.100000,7966.000000,19.8311999,0
1930,2026.04.07 04:00,7965.900000,7983.400000,7959.300000,7977.400000,20.1361142,0
1931,2026.04.07 08:00,7977.300000,7990.700000,7966.100000,7985.200000,20.4549632,0
1932,2026.04.07 12:00,7985.100000,7985.800000,7967.800000,7973.600000,20.2796086,0
1933,2026.04.07 16:00,7973.700000,7988.800000,7971.000000,7983.600000,20.1024937,0
1934,2026.04.07 20:00,7983.500000,7990.500000,7975.400000,7983.600000,19.7451728,0
1935,2026.04.08 00:00,7983.500000,7995.400000,7977.900000,7986.000000,19.5848033,0
1936,2026.04.08 04:00,7986.100000,8001.900000,7977.000000,8001.800000,19.9644602,0
1937,2026.04.08 08:00,8001.900000,8012.400000,7996.200000,7997.600000,19.6955702,0
1938,2026.04.08 12:00,7997.700000,8006.600000,7989.200000,7989.200000,19.5316009,0
1939,2026.04.08 16:00,7989.300000,7994.100000,7979.600000,7990.000000,19.1722008,0
1940,2026.04.08 20:00,7989.900000,8019.600000,7989.700000,8016.400000,19.9384722,0
1941,2026.04.09 00:00,8016.500000,8025.900000,8014.300000,8023.600000,19.3428670,0
1942,2026.04.09 04:00,8023.500000,8033.500000,8016.800000,8017.800000,19.1540908,0
1943,2026.04.09 08:00,8017.900000,8031.800000,8011.100000,8027.000000,19.2645129,0
1944,2026.04.09 12:00,8026.900000,8048.500000,8026.700000,8043.400000,19.4456191,0
1945,2026.04.09 16:00,8043.300000,8048.300000,8032.200000,8033.000000,19.2066463,0
1946,2026.04.09 20:00,8032.900000,8034.100000,8015.300000,8032.600000,19.1776002,0
1947,2026.04.10 00:00,8032.500000,8033.900000,8016.200000,8024.000000,19.0720573,0
1948,2026.04.10 04:00,8024.100000,8024.300000,8007.300000,8013.200000,18.9240532,0
1949,2026.04.10 08:00,8013.100000,8014.800000,7984.500000,7985.800000,19.7366208,0
1950,2026.04.10 12:00,7985.700000,7989.900000,7968.200000,7968.400000,19.8768622,0
1951,2026.04.10 16:00,7968.500000,7982.700000,7966.200000,7971.200000,19.6356578,0
1952,2026.04.10 20:00,7971.300000,7973.000000,7955.800000,7970.200000,19.4616822,0
1953,2026.04.11 00:00,7970.300000,7986.400000,7970.100000,7978.800000,19.2358478,0
1954,2026.04.11 04:00,7978.700000,7996.200000,7972.900000,7995.400000,19.5261443,0
1955,2026.04.11 08:00,7995.500000,8002.400000,7984.800000,7991.000000,19.3885626,0
1956,2026.04.11 12:00,7990.900000,8011.600000,7989.800000,8009.800000,19.5608081,0
1957,2026.04.11 16:00,8009.700000,8026.400000,8006.800000,8014.200000,19.5636076,0
1958,2026.04.11 20:00,8014.300000,8024.900000,8009.900000,8017.800000,19.2376356,0
1959,2026.04.12 00:00,8017.900000,8030.400000,8016.200000,8025.800000,18.8778045,0
1960,2026.04.12 04:00,8025.900000,8033.200000,8013.300000,8023.000000,18.9508184,0
1961,2026.04.12 08:00,8023.100000,8031.000000,8020.600000,8024.600000,18.3400457,0
1962,2026.04.12 12:00,8024.500000,8033.500000,8017.700000,8021.400000,18.1586139,0
1963,2026.04.12 16:00,8021.500000,8043.600000,8021.200000,8039.000000,18.4615700,0
1964,2026.04.12 20:00,8038.900000,8050.900000,8036.800000,8046.400000,18.1500293,0
1965,2026.04.13 00:00,8046.500000,8059.800000,8038.000000,8054.000000,18.4107415,0
1966,2026.04.13 04:00,8053.900000,8054.800000,8029.800000,8037.400000,18.8814028,0
1967,2026.04.13 08:00,8037.300000,8040.700000,8026.600000,8038.600000,18.5398740,0
1968,2026.04.13 12:00,8038.500000,8050.600000,8036.400000,8049.600000,18.2298830,0
1969,2026.04.13 16:00,8049.500000,8056.500000,8033.500000,8049.000000,18.5706057,0
1970,2026.04.13 20:00,8048.900000,8049.600000,8031.400000,8033.800000,18.5441338,0
1971,2026.04.14 00:00,8033.900000,8054.400000,8031.900000,8047.400000,18.8266957,0
1972,2026.04.14 04:00,8047.500000,8059.200000,8045.000000,8053.400000,18.4962174,0
1973,2026.04.14 08:00,8053.300000,8056.200000,8040.000000,8042.400000,18.3322019,0
1974,2026.04.14 12:00,8042.300000,8050.800000,8035.100000,8050.200000,18.1441875,0
1975,2026.04.14 16:00,8050.100000,8058.700000,8044.000000,8051.200000,17.8981741,0
1976,2026.04.14 20:00,8051.300000,8060.700000,8048.900000,8057.800000,17.4625902,0
1977,2026.04.15 00:00,8057.700000,8085.600000,8056.800000,8082.800000,18.2724052,0
1978,2026.04.15 04:00,8082.900000,8085.800000,8071.400000,8081.400000,17.9958048,0
1979,2026.04.15 08:00,8081.300000,8085.300000,8067.400000,8068.600000,17.9889616,0
1980,2026.04.15 12:00,8068.500000,8075.500000,8062.000000,8063.000000,17.6683215,0
1981,2026.04.15 16:00,8063.100000,8066.100000,8048.800000,8057.200000,17.6420128,0
1982,2026.04.15 20:00,8057.300000,8074.700000,8057.300000,8070.400000,17.6318691,0
1983,2026.04.16 00:00,8070.300000,8071.500000,8052.700000,8055.600000,17.7153070,0
1984,2026.04.16 04:00,8055.500000,8071.100000,8054.900000,8067.000000,17.6070708,0
1985,2026.04.16 08:00,8067.100000,8067.700000,8048.900000,8058.600000,17.6922800,0
1986,2026.04.16 12:00,8058.500000,8076.500000,8054.000000,8070.600000,18.0356886,0
1987,2026.04.16 16:00,8070.700000,8074.300000,8055.300000,8058.200000,18.1045680,0
1988,2026.04.16 20:00,8058.300000,8060.500000,8039.500000,8041.800000,18.3113845,0
1989,2026.04.17 00:00,8041.700000,8049.000000,8019.300000,8027.600000,19.1248571,0
1990,2026.04.17 04:00,8027.700000,8032.200000,8008.300000,8015.800000,19.4659387,0
1991,2026.04.17 08:00,8015.900000,8019.200000,7996.300000,8001.000000,19.7112288,0
1992,2026.04.17 12:00,8001.100000,8013.900000,7989.200000,7996.000000,20.0675696,0
1993,2026.04.17 16:00,7995.900000,7997.300000,7971.300000,7976.800000,20.4913146,0
1994,2026.04.17 20:00,7976.900000,8007.400000,7976.700000,7996.000000,21.2205064,0
1995,2026.04.18 00:00,7996.100000,7999.800000,7984.100000,7991.600000,20.8261846,0
1996,2026.04.18 04:00,7991.500000,7998.200000,7980.100000,7997.000000,20.6314571,0
1997,2026.04.18 08:00,7997.100000,7998.300000,7988.200000,7989.400000,19.8792102,0
1998,2026.04.18 12:00,7989.300000,7995.500000,7979.500000,7985.000000,19.6021237,0
1999,2026.04.18 16:00,7984.900000,8007.900000,7984.400000,7996.600000,19.8805434,0
2000,2026.04.18 20:00,7996.700000,7998.800000,7979.000000,7980.600000,19.8747903,0
2001,2026.04.19 00:00,7980.500000,7982.700000,7962.500000,7972.800000,19.8980196,0
2002,2026.04.19 04:00,7972.900000,7991.600000,7967.200000,7988.800000,20.2195896,0
2003,2026.04.19 08:00,7988.700000,7996.500000,7981.700000,7989.800000,19.8324761,0
2004,2026.04.19 12:00,7989.700000,7990.400000,7976.600000,7980.200000,19.4015849,0
2005,2026.04.19 16:00,7980.300000,7984.800000,7966.600000,7968.800000,19.3157574,0
2006,2026.04.19 20:00,7968.700000,7975.500000,7953.800000,7954.800000,19.4860605,0
2007,2026.04.20 00:00,7954.700000,7962.300000,7948.500000,7951.800000,19.0799133,0
2008,2026.04.20 04:00,7951.900000,7965.700000,7950.800000,7961.800000,18.7813481,0
2009,2026.04.20 08:00,7961.700000,7963.800000,7945.300000,7953.600000,18.7612518,0
2010,2026.04.20 12:00,7953.700000,7972.400000,7949.500000,7972.400000,19.0568767,0
2011,2026.04.20 16:00,7972.300000,7982.200000,7963.000000,7967.400000,19.0670997,0
2012,2026.04.20 20:00,7967.500000,7978.200000,7964.700000,7973.000000,18.6694498,0
2013,2026.04.21 00:00,7973.100000,7982.900000,7965.700000,7978.400000,18.5644891,0
2014,2026.04.21 04:00,7978.500000,7982.500000,7966.800000,7971.000000,18.3598827,0
2015,2026.04.21 08:00,7971.100000,7981.800000,7966.600000,7969.100000,18.1341768,0
2016,2026.04.21 12:00,7969.200000,7975.800000,7962.000000,7968.100000,17.8245927,0
2017,2026.04.21 16:00,7968.000000,7978.300000,7963.100000,7975.300000,17.6371218,0
2018,2026.04.21 20:00,7975.200000,7977.600000,7956.700000,7968.100000,17.8701846,0
2019,2026.04.22 00:00,7968.200000,7986.200000,7968.100000,7975.700000,17.8865999,0
2020,2026.04.22 04:00,7975.600000,7987.700000,7969.200000,7979.700000,17.9304142,0
2021,2026.04.22 08:00,7979.800000,7982.300000,7969.600000,7969.900000,17.5568132,0
2022,2026.04.22 12:00,7969.800000,7979.700000,7963.200000,7976.100000,17.4813266,0
2023,2026.04.22 16:00,7976.200000,7982.800000,7960.900000,7973.300000,17.7969461,0
2024,2026.04.22 20:00,7973.400000,8006.200000,7973.300000,8001.900000,18.8757357,0
2025,2026.04.23 00:00,8001.800000,8006.200000,7972.100000,7973.900000,19.9631831,0
2026,2026.04.23 04:00,7974.000000,7995.000000,7971.800000,7988.500000,20.1943843,0
2027,2026.04.23 08:00,7988.600000,8008.600000,7985.200000,7999.500000,20.4233569,0
2028,2026.04.23 12:00,7999.600000,8003.500000,7983.400000,7987.500000,20.4002599,0
2029,2026.04.23 16:00,7987.600000,7988.100000,7962.900000,7965.500000,20.7430985,0
2030,2026.04.23 20:00,7965.600000,7980.500000,7961.400000,7965.100000,20.6257343,0
2031,2026.04.24 00:00,7965.200000,7968.700000,7953.300000,7956.900000,20.2524676,0
2032,2026.04.24 04:00,7956.800000,7973.600000,7956.100000,7969.500000,20.0558628,0
2033,2026.04.24 08:00,7969.600000,7972.700000,7957.100000,7961.500000,19.7375869,0
2034,2026.04.24 12:00,7961.400000,7971.100000,7955.100000,7969.700000,19.4706164,0
2035,2026.04.24 16:00,7969.600000,7976.400000,7961.300000,7970.700000,19.1584295,0
2036,2026.04.24 20:00,7970.600000,7977.600000,7967.200000,7970.900000,18.5328274,0
2037,2026.04.25 00:00,7970.800000,7981.400000,7962.400000,7972.300000,18.5661969,0
2038,2026.04.25 04:00,7972.400000,7983.100000,7961.600000,7967.900000,18.7757542,0
2039,2026.04.25 08:00,7967.800000,7972.800000,7959.300000,7965.300000,18.3989146,0
2040,2026.04.25 12:00,7965.200000,7989.100000,7964.800000,7987.100000,18.8204207,0
2041,2026.04.25 16:00,7987.000000,7997.800000,7982.300000,7986.300000,18.5832478,0
2042,2026.04.25 20:00,7986.200000,7989.400000,7968.700000,7974.700000,18.7344444,0
2043,2026.04.26 00:00,7974.800000,7985.400000,7970.200000,7981.100000,18.4819841,0
2044,2026.04.26 04:00,7981.000000,7994.900000,7975.100000,7986.700000,18.5761281,0
2045,2026.04.26 08:00,7986.600000,8001.600000,7982.100000,7993.900000,18.6421189,0
2046,2026.04.26 12:00,7994.000000,8015.900000,7993.700000,8014.300000,18.8962533,0
2047,2026.04.26 16:00,8014.400000,8025.500000,8010.500000,8017.900000,18.6179495,0
2048,2026.04.26 20:00,8017.800000,8025.900000,8010.500000,8016.300000,18.3880960,0
2049,2026.04.27 00:00,8016.400000,8025.000000,8012.700000,8020.300000,17.9532320,0
2050,2026.04.27 04:00,8020.200000,8027.100000,8006.400000,8009.500000,18.1494297,0
2051,2026.04.27 08:00,8009.400000,8029.500000,8008.500000,8027.900000,18.3530418,0
2052,2026.04.27 12:00,8027.800000,8042.600000,8020.000000,8040.500000,18.6563960,0
2053,2026.04.27 16:00,8040.600000,8042.700000,8016.100000,8022.900000,19.2237963,0
2054,2026.04.27 20:00,8022.800000,8039.900000,8021.600000,8028.100000,19.1578108,0
2055,2026.04.28 00:00,8028.000000,8031.700000,8011.400000,8014.700000,19.2393958,0
2056,2026.04.28 04:00,8014.600000,8024.900000,8006.400000,8021.500000,19.1865818,0
2057,2026.04.28 08:00,8021.400000,8039.300000,8019.200000,8030.100000,19.2518259,0
2058,2026.04.28 12:00,8030.000000,8032.900000,8002.400000,8005.300000,20.0552670,0
2059,2026.04.28 16:00,8005.400000,8024.300000,8001.900000,8011.500000,20.2227479,0
2060,2026.04.28 20:00,8011.400000,8025.000000,8008.700000,8016.900000,19.9425516,0
2061,2026.04.29 00:00,8017.000000,8019.400000,8003.900000,8004.900000,19.6252265,0
2062,2026.04.29 04:00,8004.800000,8012.600000,8000.500000,8004.900000,19.0877103,0
2063,2026.04.29 08:00,8005.000000,8005.200000,7984.500000,7988.300000,19.2028739,0
2064,2026.04.29 12:00,7988.400000,7996.800000,7983.300000,7988.300000,18.7955257,0
2065,2026.04.29 16:00,7988.400000,7999.400000,7980.000000,7980.100000,18.8387025,0
2066,2026.04.29 20:00,7980.200000,7995.500000,7973.100000,7994.500000,19.0930809,0
2067,2026.04.30 00:00,7994.400000,7997.200000,7970.100000,7973.500000,19.6650037,0
2068,2026.04.30 04:00,7973.600000,7982.500000,7967.800000,7981.500000,19.3103605,0
2069,2026.04.30 08:00,7981.400000,7991.600000,7977.800000,7985.900000,18.9167634,0
2070,2026.04.30 12:00,7985.800000,8003.400000,7985.800000,7996.300000,18.8227088,0
2071,2026.04.30 16:00,7996.400000,7997.100000,7978.600000,7988.500000,18.7996582,0
2072,2026.04.30 20:00,7988.400000,7991.500000,7979.400000,7985.100000,18.3211112,0
2073,2026.05.01 00:00,7985.200000,7993.800000,7979.800000,7983.500000,18.0124604,0
2074,2026.05.01 04:00,7983.400000,7986.400000,7970.200000,7978.700000,17.8829989,0
2075,2026.05.01 08:00,7978.600000,7978.600000,7960.200000,7973.900000,17.9270704,0
2076,2026.05.01 12:00,7974.000000,7992.700000,7971.000000,7987.500000,18.1965654,0
2077,2026.05.01 16:00,7987.400000,7997.300000,7977.700000,7984.500000,18.2968107,0
2078,2026.05.01 20:00,7984.400000,7989.600000,7975.800000,7980.900000,17.9756100,0
2079,2026.05.02 00:00,7980.800000,7989.000000,7974.700000,7979.500000,17.7130664,0
2080,2026.05.02 04:00,7979.600000,8004.700000,7975.200000,8001.300000,18.5549902,0
2081,2026.05.02 08:00,8001.400000,8006.500000,7996.600000,8001.300000,17.9367766,0
2082,2026.05.02 12:00,8001.400000,8003.500000,7984.200000,7984.900000,18.0341497,0
2083,2026.05.02 16:00,7985.000000,7988.800000,7966.800000,7971.100000,18.3174248,0
2084,2026.05.02 20:00,7971.200000,7974.800000,7960.500000,7965.300000,18.0304658,0
2085,2026.05.03 00:00,7965.200000,7976.100000,7962.400000,7972.300000,17.7211469,0
2086,2026.05.03 04:00,7972.200000,7985.300000,7963.800000,7985.300000,17.9910649,0
2087,2026.05.03 08:00,7985.200000,7990.400000,7971.800000,7990.300000,18.0345603,0
2088,2026.05.03 12:00,7990.200000,8006.200000,7989.200000,7993.100000,17.9606631,0
2089,2026.05.03 16:00,7993.200000,7997.300000,7986.700000,7996.500000,17.4349015,0
2090,2026.05.03 20:00,7996.400000,8006.400000,7982.900000,7984.900000,17.8681228,0
2091,2026.05.04 00:00,7985.000000,7992.700000,7980.100000,7984.500000,17.4918283,0
2092,2026.05.04 04:00,7984.400000,7997.500000,7981.300000,7992.500000,17.3995549,0
2093,2026.05.04 08:00,7992.600000,7998.200000,7979.900000,7984.100000,17.4638724,0
2094,2026.05.04 12:00,7984.200000,7989.000000,7964.600000,7966.900000,17.9593101,0
2095,2026.05.04 16:00,7966.800000,7974.700000,7959.700000,7963.300000,17.7479308,0
2096,2026.05.04 20:00,7963.400000,7971.000000,7954.900000,7955.900000,17.6302214,0
2097,2026.05.05 00:00,7956.000000,7973.400000,7952.300000,7971.300000,17.8780628,0
2098,2026.05.05 04:00,7971.400000,7990.400000,7970.700000,7990.300000,18.0082011,0
2099,2026.05.05 08:00,7990.200000,7992.000000,7976.600000,7979.300000,17.8219011,0
2100,2026.05.05 12:00,7979.200000,7982.700000,7962.300000,7970.100000,18.0060510,0
2101,2026.05.05 16:00,7970.200000,7978.300000,7966.100000,7972.500000,17.5913331,0
2102,2026.05.05 20:00,7972.400000,7973.500000,7939.500000,7944.500000,18.7633807,0
2103,2026.05.06 00:00,7944.400000,7945.900000,7924.200000,7931.900000,18.9731392,0
2104,2026.05.06 04:00,7931.800000,7941.500000,7915.800000,7921.900000,19.4536293,0
2105,2026.05.06 08:00,7921.800000,7927.600000,7909.600000,7909.700000,19.3497986,0
2106,2026.05.06 12:00,7909.600000,7925.600000,7909.100000,7915.900000,19.1462416,0
2107,2026.05.06 16:00,7916.000000,7937.000000,7912.600000,7930.100000,19.5215100,0
2108,2026.05.06 20:00,7930.200000,7937.900000,7927.100000,7936.300000,18.8985450,0
2109,2026.05.07 00:00,7936.200000,7944.100000,7930.200000,7935.900000,18.5415061,0
2110,2026.05.07 04:00,7936.000000,7942.900000,7927.700000,7937.900000,18.3028271,0
2111,2026.05.07 08:00,7938.000000,7949.000000,7933.000000,7942.300000,18.1383394,0
2112,2026.05.07 12:00,7942.200000,7947.900000,7924.200000,7932.500000,18.5356009,0
2113,2026.05.07 16:00,7932.600000,7958.500000,7932.600000,7957.300000,19.0687723,0
2114,2026.05.07 20:00,7957.200000,7964.200000,7948.000000,7957.900000,18.8638600,0
2115,2026.05.08 00:00,7958.000000,7960.200000,7948.800000,7952.400000,18.3307271,0
2116,2026.05.08 04:00,7952.500000,7962.900000,7946.100000,7962.400000,18.2213895,0
2117,2026.05.08 08:00,7962.500000,7964.000000,7948.600000,7957.200000,18.0198616,0
2118,2026.05.08 12:00,7957.100000,7966.000000,7948.800000,7956.000000,17.9613001,0
2119,2026.05.08 16:00,7955.900000,7959.700000,7946.700000,7951.600000,17.6069215,0
2120,2026.05.08 20:00,7951.700000,7957.500000,7937.000000,7938.600000,17.8135700,0
2121,2026.05.09 00:00,7938.700000,7940.400000,7925.900000,7932.800000,17.5768864,0
2122,2026.05.09 04:00,7932.900000,7946.200000,7930.000000,7945.600000,17.4785374,0
2123,2026.05.09 08:00,7945.500000,7950.800000,7930.800000,7933.000000,17.6586419,0
2124,2026.05.09 12:00,7932.900000,7936.200000,7923.500000,7927.800000,17.3044531,0
2125,2026.05.09 16:00,7927.700000,7930.800000,7915.600000,7927.000000,17.1541351,0
2126,2026.05.09 20:00,7927.100000,7932.200000,7912.100000,7931.200000,17.3645540,0
2127,2026.05.10 00:00,7931.300000,7932.900000,7918.300000,7919.800000,17.1670858,0
2128,2026.05.10 04:00,7919.900000,7944.600000,7911.500000,7941.000000,18.3051511,0
2129,2026.05.10 08:00,7940.900000,7941.900000,7917.400000,7920.800000,18.7476403,0
2130,2026.05.10 12:00,7920.900000,7929.200000,7908.700000,7913.400000,18.8728089,0
2131,2026.05.10 16:00,7913.500000,7921.200000,7905.700000,7920.600000,18.6318940,0
2132,2026.05.10 20:00,7920.500000,7927.000000,7906.200000,7912.800000,18.7867587,0
2133,2026.05.11 00:00,7912.900000,7926.400000,7895.500000,7904.400000,19.6519902,0
2134,2026.05.11 04:00,7904.300000,7922.700000,7900.200000,7922.200000,19.8554195,0
2135,2026.05.11 08:00,7922.300000,7946.700000,7920.900000,7945.800000,20.2800324,0
2136,2026.05.11 12:00,7945.700000,7951.400000,7928.300000,7937.400000,20.4814586,0
2137,2026.05.11 16:00,7937.500000,7959.500000,7933.100000,7956.000000,20.9042116,0
2138,2026.05.11 20:00,7955.900000,7962.700000,7949.800000,7952.200000,20.3324822,0
2139,2026.05.12 00:00,7952.100000,7974.700000,7948.600000,7963.800000,20.7444477,0
2140,2026.05.12 04:00,7963.700000,7987.800000,7962.200000,7985.200000,21.0912729,0
2141,2026.05.12 08:00,7985.300000,7998.600000,7981.700000,7995.000000,20.7918963,0
2142,2026.05.12 12:00,7995.100000,8010.300000,7993.300000,7999.400000,20.5210465,0
2143,2026.05.12 16:00,7999.300000,8010.800000,7987.800000,8003.000000,20.6981146,0
2144,2026.05.12 20:00,8002.900000,8013.800000,8000.200000,8001.400000,20.1911065,0
2145,2026.05.13 00:00,8001.500000,8012.900000,7996.200000,8009.600000,19.9417417,0
2146,2026.05.13 04:00,8009.700000,8017.600000,7997.500000,8016.800000,19.9530459,0
2147,2026.05.13 08:00,8016.900000,8051.000000,8016.000000,8049.400000,21.0278283,0
2148,2026.05.13 12:00,8049.300000,8068.600000,8041.900000,8058.600000,21.4329834,0
2149,2026.05.13 16:00,8058.500000,8073.300000,8054.800000,8068.200000,21.2234846,0
2150,2026.05.13 20:00,8068.300000,8071.900000,8051.600000,8051.600000,21.1575214,0
2151,2026.05.14 00:00,8051.500000,8053.900000,8038.400000,8046.400000,20.7534128,0
2152,2026.05.14 04:00,8046.300000,8054.200000,8042.900000,8044.400000,20.0781690,0
2153,2026.05.14 08:00,8044.500000,8052.600000,8031.900000,8051.000000,20.1225855,0
2154,2026.05.14 12:00,8051.100000,8059.000000,8039.500000,8051.600000,20.0781151,0
2155,2026.05.14 16:00,8051.500000,8062.700000,8047.500000,8055.000000,19.7296783,0
2156,2026.05.14 20:00,8054.900000,8072.700000,8047.400000,8071.200000,20.1275584,0
2157,2026.05.15 00:00,8071.300000,8090.400000,8060.300000,8084.400000,20.8398757,0
2158,2026.05.15 04:00,8084.500000,8091.600000,8077.800000,8087.400000,20.3370274,0
2159,2026.05.15 08:00,8087.500000,8099.100000,8079.000000,8084.000000,20.3200969,0
2160,2026.05.15 12:00,8084.100000,8084.700000,8070.100000,8071.000000,19.9115185,0
2161,2026.05.15 16:00,8071.100000,8099.000000,8069.400000,8088.200000,20.6035529,0
2162,2026.05.15 20:00,8088.300000,8110.800000,8084.500000,8101.400000,21.0104420,0
2163,2026.05.16 00:00,8101.500000,8117.200000,8100.300000,8110.800000,20.7168390,0
2164,2026.05.16 04:00,8110.700000,8132.500000,8106.200000,8131.800000,21.1156362,0
2165,2026.05.16 08:00,8131.900000,8139.100000,8124.300000,8134.000000,20.6645193,0
2166,2026.05.16 12:00,8134.100000,8142.200000,8124.400000,8137.000000,20.4599108,0
2167,2026.05.16 16:00,8137.100000,8164.000000,8135.500000,8152.600000,21.0342029,0
2168,2026.05.16 20:00,8152.500000,8170.400000,8150.400000,8160.400000,20.9603313,0
2169,2026.05.17 00:00,8160.300000,8166.300000,8143.500000,8157.800000,21.0917362,0
2170,2026.05.17 04:00,8157.900000,8168.100000,8156.300000,8160.400000,20.4280407,0
2171,2026.05.17 08:00,8160.300000,8179.200000,8157.300000,8173.800000,20.5331807,0
2172,2026.05.17 12:00,8173.700000,8178.500000,8165.600000,8168.400000,19.9879535,0
2173,2026.05.17 16:00,8168.500000,8181.900000,8153.500000,8154.400000,20.5888140,0
2174,2026.05.17 20:00,8154.500000,8162.100000,8132.900000,8142.600000,21.2038987,0
2175,2026.05.18 00:00,8142.700000,8154.200000,8140.000000,8140.200000,20.7036202,0
2176,2026.05.18 04:00,8140.300000,8145.100000,8125.200000,8125.400000,20.6462188,0
2177,2026.05.18 08:00,8125.300000,8128.000000,8094.800000,8096.400000,21.5429174,0
2178,2026.05.18 12:00,8096.300000,8102.500000,8088.200000,8092.800000,21.0255662,0
2179,2026.05.18 16:00,8092.900000,8093.900000,8082.900000,8091.200000,20.3094543,0
2180,2026.05.18 20:00,8091.300000,8099.300000,8074.000000,8077.200000,20.6659219,0
2181,2026.05.19 00:00,8077.300000,8094.700000,8075.500000,8087.200000,20.5612131,0
2182,2026.05.19 04:00,8087.100000,8088.200000,8077.800000,8083.400000,19.8354122,0
2183,2026.05.19 08:00,8083.300000,8094.300000,8076.000000,8088.200000,19.7257399,0
2184,2026.05.19 12:00,8088.300000,8089.800000,8061.000000,8065.600000,20.3739013,0
2185,2026.05.19 16:00,8065.700000,8085.400000,8062.400000,8083.800000,20.5614798,0
2186,2026.05.19 20:00,8083.700000,8096.200000,8079.000000,8094.000000,20.3213741,0
2187,2026.05.20 00:00,8094.100000,8100.400000,8089.200000,8098.400000,19.6698474,0
2188,2026.05.20 04:00,8098.500000,8108.200000,8097.300000,8097.400000,19.0434297,0
2189,2026.05.20 08:00,8097.500000,8107.600000,8089.800000,8091.200000,18.9546133,0
2190,2026.05.20 12:00,8091.300000,8093.900000,8078.700000,8080.800000,18.6864266,0
2191,2026.05.20 16:00,8080.900000,8094.900000,8080.100000,8087.000000,18.4088247,0
2192,2026.05.20 20:00,8086.900000,8095.100000,8079.400000,8085.000000,18.2153373,0
2193,2026.05.21 00:00,8084.900000,8086.000000,8068.300000,8078.600000,18.1785275,0
2194,2026.05.21 04:00,8078.500000,8108.600000,8077.500000,8098.200000,19.1014898,0
2195,2026.05.21 08:00,8098.100000,8098.200000,8079.800000,8085.400000,19.0513834,0
2196,2026.05.21 12:00,8085.300000,8098.500000,8079.400000,8097.600000,19.0548560,0
2197,2026.05.21 16:00,8097.500000,8102.200000,8078.800000,8090.200000,19.3652234,0
2198,2026.05.21 20:00,8090.100000,8108.400000,8088.200000,8098.800000,19.4248503,0
2199,2026.05.22 00:00,8098.700000,8112.400000,8091.600000,8106.400000,19.5230753,0
2200,2026.05.22 04:00,8106.500000,8118.800000,8103.100000,8114.600000,19.2499985,0
2201,2026.05.22 08:00,8114.500000,8116.400000,8099.600000,8100.600000,19.0749986,0
2202,2026.05.22 12:00,8100.700000,8102.600000,8080.700000,8082.200000,19.2767844,0
2203,2026.05.22 16:00,8082.100000,8082.100000,8071.200000,8074.600000,18.6855855,0
2204,2026.05.22 20:00,8074.500000,8074.500000,8048.100000,8054.200000,19.2437580,0
2205,2026.05.23 00:00,8054.100000,8054.200000,8030.800000,8032.400000,19.5406324,0
2206,2026.05.23 04:00,8032.300000,8039.800000,8023.900000,8038.400000,19.2805872,0
2207,2026.05.23 08:00,8038.300000,8041.100000,8025.600000,8031.000000,19.0105453,0
2208,2026.05.23 12:00,8030.900000,8035.300000,8011.800000,8014.200000,19.3312206,0
2209,2026.05.23 16:00,8014.100000,8027.100000,8004.200000,8006.600000,19.5861334,0
2210,2026.05.23 20:00,8006.700000,8007.600000,7992.800000,8006.000000,19.2442668,0
2211,2026.05.24 00:00,8006.100000,8012.500000,7998.500000,8007.800000,18.8696763,0
2212,2026.05.24 04:00,8007.900000,8017.800000,7999.000000,8000.600000,18.8646994,0
2213,2026.05.24 08:00,8000.700000,8007.300000,7990.400000,8000.400000,18.7243637,0
2214,2026.05.24 12:00,8000.300000,8008.900000,7997.300000,8008.600000,18.2154806,0
2215,2026.05.24 16:00,8008.700000,8021.100000,8003.400000,8011.200000,18.1786606,0
2216,2026.05.24 20:00,8011.300000,8011.500000,7997.000000,8004.200000,17.9158991,0
2217,2026.05.25 00:00,8004.100000,8007.000000,7992.400000,7994.600000,17.6790492,0
2218,2026.05.25 04:00,7994.700000,7998.600000,7985.400000,7992.200000,17.3591171,0
2219,2026.05.25 08:00,7992.300000,7999.800000,7976.800000,7988.800000,17.7620373,0
2220,2026.05.25 12:00,7988.700000,7990.900000,7976.900000,7982.200000,17.4933203,0
2221,2026.05.25 16:00,7982.100000,7985.200000,7968.500000,7980.000000,17.4366546,0
2222,2026.05.25 20:00,7980.100000,7997.200000,7976.300000,7996.800000,17.6840364,0
2223,2026.05.26 00:00,7996.900000,8004.700000,7989.900000,8002.800000,17.4780338,0
2224,2026.05.26 04:00,8002.900000,8019.200000,8000.300000,8007.000000,17.5796028,0
2225,2026.05.26 08:00,8007.100000,8009.200000,7985.700000,7989.200000,18.0024883,0
2226,2026.05.26 12:00,7989.100000,7989.900000,7970.500000,7974.000000,18.1023106,0
2227,2026.05.26 16:00,7973.900000,7974.600000,7955.100000,7961.600000,18.2021456,0
2228,2026.05.26 20:00,7961.700000,7969.400000,7957.100000,7962.600000,17.7805637,0
2229,2026.05.27 00:00,7962.500000,7983.200000,7958.100000,7979.000000,18.3033806,0
2230,2026.05.27 04:00,7979.100000,7989.500000,7975.500000,7977.400000,17.9959963,0
2231,2026.05.27 08:00,7977.300000,7996.200000,7973.900000,7990.400000,18.3034251,0
2232,2026.05.27 12:00,7990.500000,8001.500000,7988.800000,8000.800000,17.9031805,0
2233,2026.05.27 16:00,8000.700000,8009.300000,7991.200000,8009.200000,17.9172390,0
2234,2026.05.27 20:00,8009.300000,8017.300000,8003.300000,8015.600000,17.6374362,0
2235,2026.05.28 00:00,8015.500000,8018.900000,8008.700000,8011.400000,17.1061908,0
2236,2026.05.28 04:00,8011.500000,8021.700000,8008.700000,8016.800000,16.8128914,0
2237,2026.05.28 08:00,8016.700000,8017.000000,7996.700000,8013.000000,17.0619706,0
2238,2026.05.28 12:00,8012.900000,8016.800000,7997.300000,8001.800000,17.2361156,0
2239,2026.05.28 16:00,8001.700000,8017.100000,8000.000000,8009.800000,17.2263930,0
2240,2026.05.28 20:00,8009.700000,8011.700000,7992.100000,8001.000000,17.3959364,0
2241,2026.05.29 00:00,8001.100000,8018.100000,7994.800000,8016.400000,17.8176552,0
2242,2026.05.29 04:00,8016.500000,8035.800000,8015.900000,8026.600000,17.9663941,0
2243,2026.05.29 08:00,8026.500000,8027.100000,8002.400000,8003.200000,18.4473660,0
2244,2026.05.29 12:00,8003.100000,8013.900000,7995.300000,8004.800000,18.4582684,0
2245,2026.05.29 16:00,8004.700000,8006.700000,7994.000000,8003.600000,18.0469635,0
2246,2026.05.29 20:00,8003.700000,8008.400000,7981.600000,7992.600000,18.6721804,0
2247,2026.05.30 00:00,7992.700000,7996.300000,7981.700000,7983.800000,18.3813104,0
2248,2026.05.30 04:00,7983.900000,7986.500000,7976.500000,7981.200000,17.7826454,0
2249,2026.05.30 08:00,7981.100000,7982.600000,7968.300000,7969.200000,17.5338850,0
2250,2026.05.30 12:00,7969.300000,7975.800000,7960.500000,7965.200000,17.3743218,0
2251,2026.05.30 16:00,7965.300000,7980.000000,7963.600000,7978.400000,17.3047273,0
2252,2026.05.30 20:00,7978.500000,7988.700000,7977.300000,7982.000000,16.8829611,0
2253,2026.05.31 00:00,7981.900000,8011.800000,7981.800000,8010.000000,17.8198925,0
2254,2026.05.31 04:00,8009.900000,8020.600000,7997.500000,7998.600000,18.1970430,0
2255,2026.05.31 08:00,7998.500000,8011.300000,7992.400000,7992.600000,18.2472542,0
2256,2026.05.31 12:00,7992.700000,8007.200000,7988.500000,7997.200000,18.2795932,0
2257,2026.05.31 16:00,7997.300000,8014.700000,7996.800000,8011.600000,18.2524794,0
2258,2026.05.31 20:00,8011.700000,8012.600000,7994.100000,8003.200000,18.2701594,0
2259,2026.06.01 00:00,8003.300000,8022.300000,8001.700000,8019.800000,18.4365766,0
2260,2026.06.01 04:00,8019.700000,8020.700000,7986.300000,7986.400000,19.5768212,0
2261,2026.06.01 08:00,7986.300000,8004.000000,7985.400000,7989.200000,19.5070482,0
2262,2026.06.01 12:00,7989.300000,7989.700000,7975.300000,7981.200000,19.1422591,0
2263,2026.06.01 16:00,7981.100000,7988.400000,7974.600000,7976.200000,18.7606691,0
2264,2026.06.01 20:00,7976.300000,7982.900000,7967.800000,7970.200000,18.4991928,0
2265,2026.06.02 00:00,7970.100000,7993.400000,7961.300000,7993.000000,19.4706790,0
2266,2026.06.02 04:00,7993.100000,7996.400000,7978.800000,7989.800000,19.3370591,0
2267,2026.06.02 08:00,7989.700000,8000.300000,7988.000000,7990.800000,18.8344120,0
2268,2026.06.02 12:00,7990.700000,8002.600000,7988.700000,7992.800000,18.4819540,0
2269,2026.06.02 16:00,7992.900000,8001.300000,7977.900000,7978.600000,18.8332430,0
2270,2026.06.02 20:00,7978.700000,7998.000000,7978.300000,7996.400000,18.8951542,0
2271,2026.06.03 00:00,7996.300000,8000.300000,7977.800000,7978.400000,19.1526432,0
2272,2026.06.03 04:00,7978.300000,7998.200000,7977.600000,7996.000000,19.2560258,0
2273,2026.06.03 08:00,7995.900000,8007.200000,7993.800000,7997.600000,18.8377383,0
2274,2026.06.03 12:00,7997.500000,7999.700000,7987.600000,7989.600000,18.3564712,0
2275,2026.06.03 16:00,7989.500000,7992.600000,7973.100000,7981.200000,18.4381519,0
2276,2026.06.03 20:00,7981.100000,7996.100000,7981.100000,7993.000000,18.1925696,0
2277,2026.06.04 00:00,7993.100000,7995.000000,7980.100000,7980.200000,17.9573860,0
2278,2026.06.04 04:00,7980.100000,7993.600000,7973.900000,7983.800000,18.0818585,0
2279,2026.06.04 08:00,7983.900000,7992.800000,7972.000000,7973.800000,18.2760114,0
2280,2026.06.04 12:00,7973.700000,7988.400000,7972.200000,7981.800000,18.1277249,0
2281,2026.06.04 16:00,7981.700000,7986.400000,7971.900000,7981.600000,17.8686017,0
2282,2026.06.04 20:00,7981.700000,7982.200000,7963.100000,7968.200000,17.9565587,0
2283,2026.06.05 00:00,7968.300000,7981.600000,7959.500000,7960.000000,18.2525188,0
2284,2026.06.05 04:00,7960.100000,7962.400000,7943.700000,7945.100000,18.2844818,0
2285,2026.06.05 08:00,7945.000000,7952.600000,7933.100000,7943.900000,18.3713045,0
2286,2026.06.05 12:00,7943.800000,7949.400000,7933.300000,7938.100000,18.2090685,0
2287,2026.06.05 16:00,7938.000000,7966.500000,7936.600000,7966.300000,19.0441350,0
2288,2026.06.05 20:00,7966.400000,7979.100000,7963.200000,7978.900000,18.8195539,0
2289,2026.06.06 00:00,7979.000000,7981.000000,7965.300000,7977.500000,18.5967286,0
2290,2026.06.06 04:00,7977.600000,7996.500000,7975.200000,7977.100000,18.7898195,0
2291,2026.06.06 08:00,7977.000000,7997.900000,7968.600000,7988.700000,19.5405466,0
2292,2026.06.06 12:00,7988.600000,7996.700000,7977.300000,7979.300000,19.5305076,0
2293,2026.06.06 16:00,7979.400000,7983.400000,7961.800000,7963.500000,19.6783285,0
2294,2026.06.06 20:00,7963.400000,7967.800000,7956.200000,7964.100000,19.1013050,0
2295,2026.06.07 00:00,7964.200000,7976.600000,7964.000000,7969.900000,18.6369261,0
2296,2026.06.07 04:00,7970.000000,7978.300000,7967.700000,7972.500000,18.0628599,0
2297,2026.06.07 08:00,7972.600000,7983.600000,7964.500000,7979.100000,18.1369414,0
2298,2026.06.07 12:00,7979.200000,7986.100000,7960.600000,7974.500000,18.6628741,0
2299,2026.06.07 16:00,7974.400000,7983.900000,7967.800000,7983.900000,18.4798117,0
2300,2026.06.07 20:00,7984.000000,8005.300000,7983.200000,8002.900000,18.7383966,0
2301,2026.06.08 00:00,8002.800000,8009.400000,8000.700000,8002.900000,18.0213682,0
2302,2026.06.08 04:00,8002.800000,8006.700000,7987.700000,8006.300000,18.0912705,0
2303,2026.06.08 08:00,8006.400000,8011.700000,7990.500000,7997.700000,18.3133226,0
2304,2026.06.08 12:00,7997.600000,8017.200000,7996.900000,8015.900000,18.4552281,0
2305,2026.06.08 16:00,8015.800000,8020.200000,7988.900000,7992.500000,19.3727118,0
2306,2026.06.08 20:00,7992.400000,7998.600000,7978.900000,7997.900000,19.3960896,0
2307,2026.06.09 00:00,7997.800000,8002.900000,7985.600000,7995.900000,19.2463689,0
2308,2026.06.09 04:00,7995.800000,8004.800000,7985.500000,7987.900000,19.2501997,0
2309,2026.06.09 08:00,7987.800000,8003.500000,7984.900000,8003.100000,19.2037568,0
2310,2026.06.09 12:00,8003.000000,8010.700000,7995.200000,8002.500000,18.9392028,0
2311,2026.06.09 16:00,8002.400000,8015.700000,7995.700000,7996.500000,19.0149740,0
2312,2026.06.09 20:00,7996.400000,7997.900000,7978.400000,7990.700000,19.0496187,0
2313,2026.06.10 00:00,7990.800000,7997.700000,7975.500000,7975.500000,19.2746460,0
2314,2026.06.10 04:00,7975.600000,7995.100000,7971.100000,7993.700000,19.6121713,0
2315,2026.06.10 08:00,7993.600000,7994.900000,7977.800000,7985.100000,19.4327304,0
2316,2026.06.10 12:00,7985.200000,7986.600000,7975.700000,7983.100000,18.8232497,0
2317,2026.06.10 16:00,7983.200000,8001.600000,7980.900000,7999.300000,18.9573033,0
2318,2026.06.10 20:00,7999.400000,8013.300000,7999.300000,8001.700000,18.6032102,0
2319,2026.06.11 00:00,8001.800000,8020.400000,7999.200000,8007.700000,18.7886952,0
2320,2026.06.11 04:00,8007.600000,8026.000000,8006.300000,8020.700000,18.8537884,0
2321,2026.06.11 08:00,8020.800000,8021.200000,8002.100000,8010.700000,18.8713749,0
2322,2026.06.11 12:00,8010.600000,8015.500000,8003.300000,8003.300000,18.3948482,0
2323,2026.06.11 16:00,8003.200000,8007.200000,7992.800000,7996.500000,18.1095019,0
2324,2026.06.11 20:00,7996.400000,7997.900000,7984.000000,7986.100000,17.8088232,0
2325,2026.06.12 00:00,7986.200000,7998.200000,7983.900000,7997.100000,17.5581929,0
2326,2026.06.12 04:00,7997.200000,8009.700000,7993.000000,7999.100000,17.4968934,0
2327,2026.06.12 08:00,7999.000000,8002.400000,7986.200000,7989.300000,17.4042582,0
2328,2026.06.12 12:00,7989.200000,7996.800000,7969.800000,7977.700000,18.0896683,0
2329,2026.06.12 16:00,7977.800000,8000.500000,7971.400000,7999.900000,18.8761206,0
2330,2026.06.12 20:00,8000.000000,8006.100000,7987.400000,7992.900000,18.8635405,0
2331,2026.06.13 00:00,7992.800000,8002.600000,7986.200000,7995.300000,18.6875734,0
2332,2026.06.13 04:00,7995.400000,8004.900000,7995.100000,7997.300000,18.0527467,0
2333,2026.06.13 08:00,7997.200000,8018.200000,7990.000000,8016.700000,18.7775505,0
2334,2026.06.13 12:00,8016.600000,8026.200000,8013.000000,8015.300000,18.3791540,0
2335,2026.06.13 16:00,8015.200000,8028.700000,8009.700000,8012.100000,18.4235002,0
2336,2026.06.13 20:00,8012.000000,8024.500000,8004.400000,8016.300000,18.5432502,0
2337,2026.06.14 00:00,8016.400000,8020.400000,7997.600000,8000.300000,18.8473037,0
2338,2026.06.14 04:00,8000.400000,8004.000000,7990.600000,8000.100000,18.4582106,0
2339,2026.06.14 08:00,8000.200000,8006.000000,7988.500000,7992.100000,18.3897670,0
2340,2026.06.14 12:00,7992.200000,8002.400000,7989.100000,7997.100000,18.0262122,0
2341,2026.06.14 16:00,7997.000000,8002.000000,7982.700000,7983.500000,18.1171970,0
2342,2026.06.14 20:00,7983.400000,8006.800000,7983.200000,7998.300000,18.5088258,0
2343,2026.06.15 00:00,7998.400000,8007.500000,7991.800000,8002.300000,18.3081954,0
2344,2026.06.15 04:00,8002.200000,8003.100000,7982.400000,7985.500000,18.4790386,0
2345,2026.06.15 08:00,7985.600000,7994.500000,7979.400000,7989.900000,18.2376787,0
2346,2026.06.15 12:00,7990.000000,7999.700000,7982.700000,7997.300000,18.1492731,0
2347,2026.06.15 16:00,7997.200000,7999.300000,7982.700000,7982.900000,18.0386107,0
2348,2026.06.15 20:00,7982.800000,7991.700000,7976.000000,7978.100000,17.8715671,0
2349,2026.06.16 00:00,7978.200000,7989.800000,7975.700000,7976.700000,17.6021694,0
2350,2026.06.16 04:00,7976.800000,7980.000000,7952.200000,7952.900000,18.3305859,0
2351,2026.06.16 08:00,7952.800000,7970.000000,7951.300000,7961.100000,18.3569726,0
2352,2026.06.16 12:00,7961.000000,7969.100000,7951.300000,7960.900000,18.3171889,0
2353,2026.06.16 16:00,7961.000000,7963.900000,7949.100000,7952.100000,18.0659611,0
2354,2026.06.16 20:00,7952.000000,7975.100000,7948.500000,7973.300000,18.6755353,0
2355,2026.06.17 00:00,7973.400000,7988.100000,7969.700000,7983.300000,18.6558542,0
2356,2026.06.17 04:00,7983.200000,7999.500000,7982.800000,7989.100000,18.5161503,0
2357,2026.06.17 08:00,7989.000000,8015.600000,7988.100000,8013.100000,19.1578539,0
2358,2026.06.17 12:00,8013.200000,8028.000000,8009.000000,8020.100000,19.1465786,0
2359,2026.06.17 16:00,8020.200000,8024.000000,8008.100000,8015.900000,18.9146801,0
2360,2026.06.17 20:00,8015.800000,8022.800000,8008.200000,8009.900000,18.6064887,0
2361,2026.06.18 00:00,8009.800000,8021.200000,8007.400000,8015.300000,18.2631681,0
2362,2026.06.18 04:00,8015.200000,8019.300000,7995.400000,7995.500000,18.6657989,0
2363,2026.06.18 08:00,7995.600000,8004.400000,7983.400000,7986.100000,18.8325276,0
2364,2026.06.18 12:00,7986.200000,8000.100000,7983.600000,7990.300000,18.6659185,0
2365,2026.06.18 16:00,7990.400000,7999.100000,7986.100000,7987.500000,18.2612100,0
2366,2026.06.18 20:00,7987.400000,7996.400000,7981.900000,7988.500000,17.9925521,0
2367,2026.06.19 00:00,7988.600000,7996.200000,7975.100000,7982.100000,18.2145127,0
2368,2026.06.19 04:00,7982.200000,7983.500000,7967.000000,7969.500000,18.0920475,0
2369,2026.06.19 08:00,7969.600000,7974.600000,7959.300000,7964.700000,17.8926155,0
2370,2026.06.19 12:00,7964.800000,7981.600000,7961.300000,7963.700000,18.0645716,0
2371,2026.06.19 16:00,7963.800000,7970.000000,7945.100000,7947.500000,18.5528165,0
2372,2026.06.19 20:00,7947.400000,7961.500000,7947.300000,7954.100000,18.2419010,0
2373,2026.06.20 00:00,7954.200000,7964.100000,7946.500000,7963.700000,18.1960509,0
2374,2026.06.20 04:00,7963.600000,7966.400000,7945.400000,7948.700000,18.3963330,0
2375,2026.06.20 08:00,7948.800000,7970.200000,7940.900000,7969.900000,19.1751664,0
2376,2026.06.20 12:00,7970.000000,7977.400000,7962.000000,7976.900000,18.9055116,0
2377,2026.06.20 16:00,7977.000000,7990.500000,7971.200000,7978.100000,18.9336894,0
2378,2026.06.20 20:00,7978.000000,7984.300000,7973.200000,7975.300000,18.3741401,0
2379,2026.06.21 00:00,7975.200000,7981.200000,7963.800000,7971.300000,18.3045587,0
2380,2026.06.21 04:00,7971.400000,8009.200000,7969.300000,8008.300000,19.8470902,0
2381,2026.06.21 08:00,8008.400000,8015.000000,7999.100000,8013.900000,19.5651552,0
2382,2026.06.21 12:00,8013.800000,8014.500000,7993.300000,7993.500000,19.6819298,0
2383,2026.06.21 16:00,7993.600000,8002.300000,7987.000000,7988.100000,19.3689348,0
2384,2026.06.21 20:00,7988.000000,7988.000000,7975.200000,7976.700000,18.9068681,0
2385,2026.06.22 00:00,7976.600000,8004.500000,7976.500000,7994.100000,19.5563775,0
2386,2026.06.22 04:00,7994.200000,8002.400000,7985.300000,7992.100000,19.3809220,0
2387,2026.06.22 08:00,7992.200000,7993.700000,7973.400000,7978.500000,19.4465704,0
2388,2026.06.22 12:00,7978.600000,7980.200000,7967.300000,7967.500000,18.9789582,0
2389,2026.06.22 16:00,7967.600000,7977.600000,7959.900000,7962.500000,18.8876041,0
2390,2026.06.22 20:00,7962.600000,7969.900000,7938.000000,7938.500000,19.8170609,0
2391,2026.06.23 00:00,7938.600000,7964.500000,7936.300000,7960.500000,20.4158423,0
2392,2026.06.23 04:00,7960.600000,7972.600000,7956.900000,7961.500000,20.0789964,0
2393,2026.06.23 08:00,7961.400000,7976.800000,7958.500000,7970.700000,19.9519252,0
2394,2026.06.23 12:00,7970.800000,7986.100000,7964.900000,7985.100000,20.0410734,0
2395,2026.06.23 16:00,7985.200000,7988.200000,7973.100000,7978.900000,19.6881396,0
2396,2026.06.23 20:00,7979.000000,7989.600000,7972.200000,7977.900000,19.5247011,0
2397,2026.06.24 00:00,7977.800000,7997.800000,7976.600000,7984.900000,19.6443653,0
2398,2026.06.24 04:00,7984.800000,7985.800000,7967.000000,7975.700000,19.5840535,0
2399,2026.06.24 08:00,7975.600000,7977.400000,7966.500000,7966.500000,18.9637639,0
2400,2026.06.24 12:00,7966.600000,7973.000000,7957.700000,7965.700000,18.7020665,0
2401,2026.06.24 16:00,7965.800000,7971.000000,7954.300000,7966.100000,18.5590618,0
2402,2026.06.24 20:00,7966.000000,7990.600000,7958.000000,7989.700000,19.5619859,0
2403,2026.06.25 00:00,7989.800000,8018.300000,7989.500000,8015.300000,20.2218441,0
2404,2026.06.25 04:00,8015.400000,8021.300000,8007.900000,8016.700000,19.7345695,0
2405,2026.06.25 08:00,8016.600000,8019.600000,8004.200000,8015.500000,19.4249574,0
2406,2026.06.25 12:00,8015.400000,8022.600000,8005.200000,8017.900000,19.2803176,0
2407,2026.06.25 16:00,8017.800000,8031.800000,8014.600000,8024.700000,19.1317235,0
2408,2026.06.25 20:00,8024.600000,8038.100000,8021.700000,8035.900000,18.9366004,0
2409,2026.06.26 00:00,8036.000000,8041.400000,8027.600000,8031.900000,18.5697003,0
2410,2026.06.26 04:00,8032.000000,8039.900000,8028.800000,8032.500000,18.0361503,0
2411,2026.06.26 08:00,8032.400000,8034.100000,8013.100000,8014.700000,18.2478539,0
2412,2026.06.26 12:00,8014.800000,8025.200000,8002.900000,8015.500000,18.5372929,0
2413,2026.06.26 16:00,8015.400000,8020.300000,8002.000000,8010.500000,18.5203434,0
2414,2026.06.26 20:00,8010.600000,8019.300000,8001.800000,8008.900000,18.4474617,0
2415,2026.06.27 00:00,8009.000000,8029.600000,8006.900000,8023.300000,18.7512144,0
2416,2026.06.27 04:00,8023.400000,8025.500000,7996.300000,8001.900000,19.4975563,0
2417,2026.06.27 08:00,8001.800000,8007.900000,7985.800000,7987.700000,19.6834451,0
2418,2026.06.27 12:00,7987.800000,8002.800000,7981.500000,7994.100000,19.7989133,0
2419,2026.06.27 16:00,7994.200000,8006.700000,7993.400000,8003.900000,19.3347052,0
2420,2026.06.27 20:00,8003.800000,8011.600000,7981.900000,7982.100000,20.0750834,0
2421,2026.06.28 00:00,7982.000000,7991.900000,7970.900000,7984.300000,20.1411489,0
2422,2026.06.28 04:00,7984.400000,7984.400000,7956.800000,7959.300000,20.6739240,0
2423,2026.06.28 08:00,7959.400000,7969.600000,7952.800000,7967.900000,20.3972151,0
2424,2026.06.28 12:00,7967.800000,7971.000000,7945.800000,7947.100000,20.7402712,0
2425,2026.06.28 16:00,7947.200000,7952.500000,7932.800000,7938.100000,20.6659661,0
2426,2026.06.28 20:00,7938.200000,7946.500000,7935.600000,7944.700000,19.9683971,0
2427,2026.06.29 00:00,7944.600000,7946.400000,7924.500000,7936.500000,20.1063687,0
2428,2026.06.29 04:00,7936.400000,7941.200000,7920.700000,7921.000000,20.1344852,0
2429,2026.06.29 08:00,7921.100000,7934.100000,7897.600000,7899.800000,21.3034506,0
2430,2026.06.29 12:00,7899.900000,7920.300000,7895.700000,7920.200000,21.5389184,0
2431,2026.06.29 16:00,7920.300000,7923.700000,7909.700000,7920.600000,21.0004242,0
2432,2026.06.29 20:00,7920.500000,7931.400000,7914.800000,7919.400000,20.6861082,0
2433,2026.06.30 00:00,7919.500000,7923.900000,7905.500000,7906.800000,20.5228148,0
2434,2026.06.30 04:00,7906.700000,7912.100000,7882.700000,7883.400000,21.1568994,0
2435,2026.06.30 08:00,7883.300000,7886.900000,7876.900000,7883.200000,20.3599780,0
2436,2026.06.30 12:00,7883.300000,7915.300000,7882.200000,7911.000000,21.2699796,0
2437,2026.06.30 16:00,7910.900000,7913.100000,7883.900000,7886.200000,21.8364096,0
2438,2026.06.30 20:00,7886.100000,7896.600000,7880.500000,7886.800000,21.4266661,0
2439,2026.07.01 00:00,7886.700000,7916.600000,7886.500000,7901.400000,22.0461899,0
2440,2026.07.01 04:00,7901.500000,7940.100000,7899.600000,7934.400000,23.3643192,0
2441,2026.07.01 08:00,7934.300000,7938.400000,7915.900000,7922.600000,23.3025821,0
2442,2026.07.01 12:00,7922.700000,7924.700000,7904.800000,7907.800000,23.0595406,0
2443,2026.07.01 16:00,7907.900000,7910.100000,7892.400000,7896.200000,22.6767162,0
2444,2026.07.01 20:00,7896.100000,7897.600000,7881.900000,7891.800000,22.1783794,0
2445,2026.07.02 00:00,7891.900000,7898.000000,7880.300000,7896.200000,21.8584951,0
2446,2026.07.02 04:00,7896.100000,7913.400000,7892.500000,7909.400000,21.7900312,0
2447,2026.07.02 08:00,7909.300000,7913.400000,7900.300000,7908.400000,21.1693147,0
2448,2026.07.02 12:00,7908.300000,7941.200000,7907.400000,7932.800000,22.0715065,0
2449,2026.07.02 16:00,7932.700000,7936.500000,7920.900000,7922.800000,21.6092560,0
2450,2026.07.02 20:00,7922.700000,7934.200000,7910.700000,7932.800000,21.7443092,0
2451,2026.07.03 00:00,7932.900000,7933.500000,7903.700000,7920.400000,22.3197156,0
2452,2026.07.03 04:00,7920.300000,7923.500000,7904.800000,7908.600000,22.0611645,0
2453,2026.07.03 08:00,7908.700000,7910.100000,7898.500000,7904.600000,21.3139385,0
2454,2026.07.03 12:00,7904.500000,7920.200000,7899.500000,7911.000000,21.2700857,0
2455,2026.07.03 16:00,7911.100000,7913.700000,7896.700000,7899.200000,20.9650796,0
2456,2026.07.03 20:00,7899.100000,7914.400000,7894.800000,7911.200000,20.8675739,0
2457,2026.07.04 00:00,7911.300000,7919.000000,7905.200000,7914.800000,20.3627472,0
2458,2026.07.04 04:00,7914.900000,7917.700000,7891.900000,7901.200000,20.7511224,0
2459,2026.07.04 08:00,7901.100000,7901.700000,7882.000000,7889.000000,20.6760422,0
2460,2026.07.04 12:00,7888.900000,7889.300000,7871.300000,7871.600000,20.4848964,0
2461,2026.07.04 16:00,7871.700000,7879.900000,7859.100000,7862.800000,20.5074038,0
2462,2026.07.04 20:00,7862.700000,7869.800000,7848.900000,7849.400000,20.5354464,0
2463,2026.07.05 00:00,7849.500000,7850.500000,7821.900000,7822.000000,21.1114859,0
2464,2026.07.05 04:00,7822.100000,7830.500000,7812.800000,7829.500000,20.8678083,0
2465,2026.07.05 08:00,7829.400000,7836.100000,7813.600000,7823.700000,20.9843935,0
2466,2026.07.05 12:00,7823.600000,7842.600000,7820.400000,7835.500000,21.0712225,0
2467,2026.07.05 16:00,7835.400000,7849.100000,7830.700000,7833.700000,20.8804209,0
2468,2026.07.05 20:00,7833.800000,7840.000000,7819.700000,7824.300000,20.8389623,0
2469,2026.07.06 00:00,7824.200000,7826.200000,7808.600000,7825.300000,20.6076078,0
2470,2026.07.06 04:00,7825.200000,7829.100000,7814.200000,7814.700000,20.1999215,0
2471,2026.07.06 08:00,7814.800000,7824.500000,7802.600000,7804.700000,20.3213557,0
2472,2026.07.06 12:00,7804.800000,7810.300000,7793.700000,7804.300000,20.0555446,0
2473,2026.07.06 16:00,7804.400000,7815.800000,7797.800000,7809.100000,19.9087200,0
2474,2026.07.06 20:00,7809.000000,7814.300000,7802.500000,7804.900000,19.3295257,0
2475,2026.07.07 00:00,7805.000000,7812.000000,7793.900000,7793.900000,19.2417024,0
2476,2026.07.07 04:00,7793.800000,7798.300000,7785.400000,7791.100000,18.7887237,0
2477,2026.07.07 08:00,7791.000000,7801.000000,7786.600000,7797.500000,18.4752434,0
2478,2026.07.07 12:00,7797.400000,7805.600000,7783.700000,7790.900000,18.7198689,0
2479,2026.07.07 16:00,7791.000000,7791.300000,7760.800000,7762.100000,19.5613068,0
2480,2026.07.07 20:00,7762.200000,7773.000000,7759.000000,7765.700000,19.1640706,0
2481,2026.07.08 00:00,7765.800000,7772.900000,7746.900000,7758.900000,19.6523513,0
2482,2026.07.08 04:00,7758.800000,7759.600000,7746.400000,7748.700000,19.1914691,0
2483,2026.07.08 08:00,7748.600000,7761.700000,7747.000000,7759.500000,18.8706498,0
2484,2026.07.08 12:00,7759.400000,7772.000000,7756.900000,7768.700000,18.6013177,0
2485,2026.07.08 16:00,7768.600000,7780.100000,7764.800000,7778.700000,18.3655093,0
2486,2026.07.08 20:00,7778.600000,7783.100000,7769.200000,7774.900000,18.0465444,0
2487,2026.07.09 00:00,7775.000000,7782.800000,7769.400000,7769.500000,17.7146483,0
2488,2026.07.09 04:00,7769.400000,7771.100000,7745.500000,7753.100000,18.2778877,0
2489,2026.07.09 08:00,7753.200000,7755.600000,7736.000000,7736.100000,18.3723243,0
2490,2026.07.09 12:00,7736.200000,7741.100000,7728.300000,7733.700000,17.9743012,0
2491,2026.07.09 16:00,7733.800000,7737.600000,7723.600000,7734.900000,17.6904225,0
2492,2026.07.09 20:00,7735.000000,7745.500000,7728.600000,7741.700000,17.6339638,0
2493,2026.07.10 00:00,7741.600000,7749.400000,7738.100000,7746.800000,17.1815378,0
2494,2026.07.10 04:00,7746.900000,7759.200000,7741.500000,7748.000000,17.2185708,0
2495,2026.07.10 08:00,7747.900000,7765.200000,7741.400000,7754.600000,17.6886729,0
2496,2026.07.10 12:00,7754.700000,7770.600000,7753.800000,7760.400000,17.6251962,0
2497,2026.07.10 16:00,7760.300000,7776.300000,7759.300000,7775.200000,17.5805394,0
2498,2026.07.10 20:00,7775.300000,7777.500000,7761.900000,7764.200000,17.4390723,0
2499,2026.07.11 00:00,7764.300000,7768.200000,7753.700000,7756.000000,17.2291385,0
2500,2026.07.11 04:00,7755.900000,7780.700000,7751.300000,7780.600000,18.0984858,0
2501,2026.07.11 08:00,7780.700000,7789.100000,7774.900000,7779.400000,17.8200225,0
2502,2026.07.11 12:00,7779.300000,7794.800000,7778.400000,7787.600000,17.7185923,0
2503,2026.07.11 16:00,7787.500000,7797.900000,7780.500000,7790.800000,17.6958357,0
2504,2026.07.11 20:00,7790.700000,7809.000000,7785.400000,7800.000000,18.1175618,0
2505,2026.07.12 00:00,7799.900000,7827.600000,7797.700000,7827.600000,18.9591645,0
2506,2026.07.12 04:00,7827.500000,7836.700000,7824.300000,7831.400000,18.4906527,0
2507,2026.07.12 08:00,7831.500000,7854.800000,7826.600000,7852.200000,19.1841775,0
2508,2026.07.12 12:00,7852.100000,7853.400000,7836.200000,7842.600000,19.0424506,0
2509,2026.07.12 16:00,7842.700000,7846.700000,7832.100000,7844.800000,18.7251327,0
2510,2026.07.12 20:00,7844.700000,7857.000000,7843.200000,7850.800000,18.3733375,0
2511,2026.07.13 00:00,7850.700000,7865.500000,7845.400000,7861.600000,18.4966705,0
2512,2026.07.13 04:00,7861.500000,7878.000000,7861.100000,7868.400000,18.3826226,0
2513,2026.07.13 08:00,7868.300000,7872.300000,7853.500000,7855.400000,18.4124353,0
2514,2026.07.13 12:00,7855.300000,7875.300000,7853.400000,7873.000000,18.6615471,0
2515,2026.07.13 16:00,7873.100000,7893.300000,7872.100000,7885.400000,18.8428651,0
2516,2026.07.13 20:00,7885.500000,7907.200000,7882.900000,7905.800000,19.2326605,0
2517,2026.07.14 00:00,7905.700000,7916.000000,7893.000000,7897.400000,19.5017562,0
2518,2026.07.14 04:00,7897.500000,7905.200000,7891.100000,7896.000000,19.1159164,0
2519,2026.07.14 08:00,7896.100000,7897.800000,7879.200000,7882.800000,19.0790653,0
2520,2026.07.14 12:00,7882.700000,7906.300000,7881.100000,7905.000000,19.5162749,0
2521,2026.07.14 16:00,7904.900000,7915.500000,7894.000000,7914.000000,19.6579695,0
2522,2026.07.14 20:00,7914.100000,7922.400000,7904.700000,7907.200000,19.5181146,0
2523,2026.07.15 00:00,7907.300000,7919.600000,7904.700000,7918.200000,19.1882492,0
2524,2026.07.15 04:00,7918.100000,7918.900000,7901.700000,7905.400000,19.0462314,0
2525,2026.07.15 08:00,7905.500000,7919.700000,7900.200000,7907.600000,19.0786435,0
2526,2026.07.15 12:00,7907.500000,7924.600000,7907.500000,7918.600000,18.9373118,0
2527,2026.07.15 16:00,7918.700000,7920.800000,7898.600000,7899.800000,19.1703610,0
2528,2026.07.15 20:00,7899.700000,7924.000000,7897.500000,7919.200000,19.6939066,0
2529,2026.07.16 00:00,7919.100000,7922.800000,7892.500000,7896.000000,20.4514847,0
2530,2026.07.16 04:00,7896.100000,7908.400000,7887.900000,7890.000000,20.4549501,0
2531,2026.07.16 08:00,7889.900000,7899.800000,7882.600000,7889.800000,20.2224536,0
2532,2026.07.16 12:00,7889.700000,7895.400000,7874.800000,7891.000000,20.2494212,0
2533,2026.07.16 16:00,7890.900000,7895.100000,7869.400000,7870.400000,20.6387483,0
2534,2026.07.16 20:00,7870.300000,7878.400000,7859.200000,7871.200000,20.5359806,0
2535,2026.07.17 00:00,7871.300000,7873.300000,7850.700000,7853.600000,20.6834105,0
2536,2026.07.17 04:00,7853.700000,7874.600000,7850.900000,7861.500000,20.8988812,0
2537,2026.07.17 08:00,7861.400000,7871.000000,7857.300000,7861.900000,20.3846754,0
2538,2026.07.17 12:00,7862.000000,7868.900000,7849.900000,7850.500000,20.2857700,0
2539,2026.07.17 16:00,7850.600000,7855.200000,7833.500000,7833.500000,20.3867864,0
2540,2026.07.17 20:00,7833.600000,7854.500000,7833.500000,7835.900000,20.4305874,0
2541,2026.07.18 00:00,7835.800000,7837.400000,7813.700000,7813.700000,20.6641169,0
2542,2026.07.18 04:00,7813.800000,7816.400000,7796.000000,7807.300000,20.6452514,0
2543,2026.07.18 08:00,7807.400000,7813.500000,7802.300000,7803.500000,19.9705906,0
2544,2026.07.18 12:00,7803.400000,7813.700000,7796.000000,7802.300000,19.8084055,0
2545,2026.07.18 16:00,7802.400000,7803.200000,7776.900000,7783.900000,20.2720909,0
2546,2026.07.18 20:00,7784.000000,7791.800000,7772.200000,7789.100000,20.2240844,0
2547,2026.07.19 00:00,7789.000000,7790.000000,7771.500000,7775.500000,20.1009355,0
2548,2026.07.19 04:00,7775.600000,7783.400000,7753.100000,7755.700000,20.8294401,0
2549,2026.07.19 08:00,7755.600000,7758.500000,7733.500000,7735.900000,21.1273372,0
2550,2026.07.19 12:00,7736.000000,7741.200000,7718.300000,7721.100000,21.2539560,0
2551,2026.07.19 16:00,7721.000000,7727.000000,7710.000000,7711.300000,20.9501020,0
2552,2026.07.19 20:00,7711.400000,7714.400000,7699.400000,7705.500000,20.5250947,0
2553,2026.07.20 00:00,7705.400000,7710.700000,7698.900000,7706.700000,19.9018737,0
2554,2026.07.20 04:00,7706.600000,7722.800000,7697.900000,7701.100000,20.2588827,0
2555,2026.07.20 08:00,7701.200000,7702.300000,7685.800000,7696.500000,19.9903911,0
2556,2026.07.20 12:00,7696.600000,7707.500000,7674.300000,7680.500000,20.9339346,0
2557,2026.07.20 16:00,7680.400000,7689.500000,7671.500000,7683.700000,20.7243678,0
2558,2026.07.20 20:00,7683.600000,7683.700000,7668.000000,7675.300000,20.3654844,0
2559,2026.07.21 00:00,7675.400000,7677.500000,7661.200000,7663.500000,20.0750926,0
2560,2026.07.21 04:00,7663.400000,7668.100000,7654.200000,7663.000000,19.6340146,0
2561,2026.07.21 08:00,7663.100000,7669.200000,7655.700000,7659.200000,19.1958707,0
2562,2026.07.21 12:00,7659.300000,7665.100000,7652.000000,7664.200000,18.7604514,0
2563,2026.07.21 16:00,7664.100000,7681.600000,7660.600000,7679.800000,18.9204191,0
2564,2026.07.21 20:00,7679.900000,7688.900000,7658.900000,7660.000000,19.7118178,0
2565,2026.07.22 00:00,7660.100000,7664.700000,7647.100000,7650.400000,19.5609736,0
2566,2026.07.22 04:00,7650.500000,7655.200000,7641.500000,7644.200000,19.1423327,0
2567,2026.07.22 08:00,7644.100000,7651.000000,7634.700000,7646.200000,18.9393089,0
2568,2026.07.22 12:00,7646.100000,7666.100000,7643.800000,7665.200000,19.1793583,0
2569,2026.07.22 16:00,7665.300000,7673.500000,7659.300000,7665.000000,18.8236898,0
2570,2026.07.22 20:00,7665.100000,7681.000000,7661.600000,7679.800000,18.8648548,0
2571,2026.07.23 00:00,7679.700000,7680.700000,7668.500000,7672.400000,18.3887938,0
2572,2026.07.23 04:00,7672.500000,7686.900000,7670.500000,7681.400000,18.2467371,0
2573,2026.07.23 08:00,7681.300000,7690.900000,7673.700000,7685.000000,18.1719701,0
2574,2026.07.23 12:00,7684.900000,7687.400000,7664.900000,7678.000000,18.4811151,0
2575,2026.07.23 16:00,7678.100000,7683.200000,7665.900000,7682.800000,18.3967498,0
2576,2026.07.23 20:00,7682.900000,7684.800000,7664.300000,7664.400000,18.5469819,0
2577,2026.07.24 00:00,7664.500000,7667.900000,7653.500000,7663.200000,18.2507689,0
2578,2026.07.24 04:00,7663.300000,7673.500000,7659.400000,7663.400000,17.9542854,0
2579,2026.07.24 08:00,7663.300000,7667.800000,7648.400000,7648.800000,18.0575508,0
2580,2026.07.24 12:00,7648.700000,7652.400000,7630.200000,7642.200000,18.3534400,0
2581,2026.07.24 16:00,7642.300000,7649.300000,7636.600000,7640.800000,17.9496228,0
2582,2026.07.24 20:00,7640.700000,7659.300000,7631.200000,7658.000000,18.6746498,0
2583,2026.07.25 00:00,7658.100000,7667.500000,7651.700000,7667.200000,18.4693177,0
2584,2026.07.25 04:00,7667.300000,7668.900000,7655.500000,7662.600000,18.1072235,0
2585,2026.07.25 08:00,7662.700000,7671.600000,7641.900000,7667.600000,18.9352790,0
2586,2026.07.25 12:00,7667.500000,7692.000000,7665.900000,7686.000000,19.4470448,0
2587,2026.07.25 16:00,7686.100000,7703.900000,7683.900000,7703.000000,19.4865416,0
2588,2026.07.25 20:00,7703.100000,7709.900000,7698.100000,7699.800000,18.9375029,0
2589,2026.07.26 00:00,7699.900000,7714.200000,7686.100000,7705.000000,19.5919670,0
2590,2026.07.26 04:00,7705.100000,7731.200000,7705.100000,7726.800000,20.0639693,0
2591,2026.07.26 08:00,7726.900000,7744.900000,7724.200000,7741.400000,20.1094001,0
2592,2026.07.26 12:00,7741.300000,7757.100000,7736.800000,7756.200000,20.1230144,0
2593,2026.07.26 16:00,7756.300000,7760.100000,7747.000000,7747.200000,19.6213705,0
2594,2026.07.26 20:00,7747.300000,7754.600000,7742.200000,7752.000000,19.1055583,0
2595,2026.07.27 00:00,7752.100000,7766.600000,7746.600000,7764.400000,19.1694470,0
2596,2026.07.27 04:00,7764.500000,7772.000000,7762.800000,7768.600000,18.4573437,0
2597,2026.07.27 08:00,7768.700000,7770.700000,7761.100000,7766.800000,17.8246762,0
2598,2026.07.27 12:00,7766.700000,7774.500000,7753.800000,7770.000000,18.0300565,0
2599,2026.07.27 16:00,7770.100000,7784.400000,7760.100000,7783.400000,18.4779096,0
2600,2026.07.27 20:00,7783.300000,7785.500000,7768.300000,7769.400000,18.3866304,0
2601,2026.07.28 00:00,7769.500000,7775.800000,7764.300000,7768.200000,17.8947282,0
2602,2026.07.28 04:00,7768.300000,7789.100000,7766.100000,7787.800000,18.2593905,0
2603,2026.07.28 08:00,7787.700000,7795.000000,7781.400000,7787.300000,17.9265769,0
2604,2026.07.28 12:00,7787.200000,7801.700000,7777.400000,7796.300000,18.3818214,0
2605,2026.07.28 16:00,7796.200000,7806.100000,7791.700000,7805.100000,18.0974056,0
2606,2026.07.28 20:00,7805.000000,7816.900000,7799.400000,7805.900000,18.0547337,0
2607,2026.07.29 00:00,7805.800000,7819.800000,7804.100000,7810.300000,17.8865385,0
2608,2026.07.29 04:00,7810.400000,7816.800000,7797.700000,7809.300000,17.9732143,0
2609,2026.07.29 08:00,7809.200000,7830.200000,7804.100000,7804.900000,18.5536990,0
2610,2026.07.29 12:00,7804.800000,7819.600000,7803.200000,7816.300000,18.3998633,0
2611,2026.07.29 16:00,7816.200000,7819.600000,7801.000000,7803.900000,18.4141588,0
2612,2026.07.29 20:00,7803.800000,7823.400000,7799.200000,7817.300000,18.8274332,0
2613,2026.07.30 00:00,7817.400000,7820.800000,7797.900000,7798.200000,19.1183308,0
2614,2026.07.30 04:00,7798.300000,7800.900000,7784.600000,7786.400000,18.9170215,0
2615,2026.07.30 08:00,7786.500000,7818.600000,7784.900000,7817.400000,19.9729485,0
2616,2026.07.30 12:00,7817.300000,7841.700000,7817.000000,7836.000000,20.3105950,0
2617,2026.07.30 16:00,7835.900000,7842.600000,7808.800000,7809.800000,21.2741240,0
2618,2026.07.30 20:00,7809.700000,7810.000000,7795.600000,7800.200000,20.7831151,0
2619,2026.07.31 00:00,7800.300000,7812.100000,7797.200000,7811.800000,20.3628926,0
2620,2026.07.31 04:00,7811.700000,7824.900000,7810.100000,7821.200000,19.9655431,0
2621,2026.07.31 08:00,7821.100000,7821.600000,7801.700000,7808.400000,19.9608615,0
2622,2026.07.31 12:00,7808.300000,7810.800000,7790.100000,7804.000000,20.0136571,0
2623,2026.07.31 16:00,7803.900000,7805.800000,7784.600000,7786.000000,20.0983959,0
2624,2026.07.31 20:00,7785.900000,7786.000000,7756.000000,7764.200000,20.8056533,0
2625,2026.08.01 00:00,7764.100000,7786.100000,7760.500000,7780.800000,21.1481066,0
2626,2026.08.01 04:00,7780.700000,7783.500000,7772.500000,7777.000000,20.4232419,0
2627,2026.08.01 08:00,7776.900000,7797.600000,7773.600000,7791.800000,20.6787246,0
2628,2026.08.01 12:00,7791.900000,7793.300000,7776.300000,7786.000000,20.4159586,0
2629,2026.08.01 16:00,7785.900000,7796.800000,7784.400000,7791.400000,19.8433901,0
2630,2026.08.01 20:00,7791.300000,7805.400000,7785.200000,7790.600000,19.8688622,0
2631,2026.08.02 00:00,7790.500000,7818.600000,7790.000000,7806.600000,20.4925149,0
2632,2026.08.02 04:00,7806.500000,7819.400000,7804.800000,7807.200000,20.0716210,0
2633,2026.08.02 08:00,7807.300000,7812.600000,7801.500000,7805.600000,19.4307909,0
2634,2026.08.02 12:00,7805.700000,7825.500000,7804.700000,7810.200000,19.5285916,0
2635,2026.08.02 16:00,7810.100000,7811.300000,7790.300000,7790.600000,19.6336922,0
2636,2026.08.02 20:00,7790.500000,7792.600000,7769.600000,7771.400000,19.8741427,0
2637,2026.08.03 00:00,7771.500000,7783.600000,7761.500000,7782.200000,20.0331325,0
2638,2026.08.03 04:00,7782.100000,7806.300000,7781.500000,7804.200000,20.3736231,0
2639,2026.08.03 08:00,7804.100000,7809.400000,7780.600000,7786.200000,20.9755071,0
2640,2026.08.03 12:00,7786.100000,7789.200000,7770.100000,7786.200000,20.8415423,0
2641,2026.08.03 16:00,7786.300000,7786.400000,7774.900000,7779.600000,20.1742893,0
2642,2026.08.03 20:00,7779.500000,7789.000000,7769.500000,7781.000000,20.1261258,0
2643,2026.08.04 00:00,7780.900000,7800.100000,7778.700000,7789.600000,20.2171168,0
2644,2026.08.04 04:00,7789.500000,7809.700000,7784.900000,7806.000000,20.5444656,0
2645,2026.08.04 08:00,7806.100000,7810.600000,7797.100000,7807.200000,20.0412895,0
2646,2026.08.04 12:00,7807.100000,7809.000000,7775.800000,7777.000000,20.9811974,0
2647,2026.08.04 16:00,7776.900000,7788.200000,7776.700000,7780.600000,20.3039690,0
2648,2026.08.04 20:00,7780.700000,7805.800000,7779.900000,7805.000000,20.7036855,0
2649,2026.08.05 00:00,7804.900000,7807.100000,7786.600000,7790.400000,20.6891365,0
2650,2026.08.05 04:00,7790.500000,7802.300000,7788.000000,7794.600000,20.2327696,0
2651,2026.08.05 08:00,7794.700000,7812.200000,7787.000000,7811.400000,20.5875718,0
2652,2026.08.05 12:00,7811.300000,7824.500000,7809.400000,7817.800000,20.1956024,0
2653,2026.08.05 16:00,7817.700000,7842.600000,7816.000000,7839.600000,20.6530594,0
2654,2026.08.05 20:00,7839.700000,7860.400000,7835.200000,7852.600000,20.9778408,0
2655,2026.08.06 00:00,7852.500000,7861.600000,7846.000000,7855.200000,20.5937094,0
2656,2026.08.06 04:00,7855.100000,7866.400000,7848.700000,7859.600000,20.3870158,0
2657,2026.08.06 08:00,7859.500000,7864.500000,7847.000000,7853.600000,20.1808004,0
2658,2026.08.06 12:00,7853.500000,7863.600000,7845.000000,7849.800000,20.0678861,0
2659,2026.08.06 16:00,7849.900000,7852.100000,7842.500000,7845.800000,19.3201799,0
2660,2026.08.06 20:00,7845.900000,7848.000000,7821.900000,7823.800000,19.8044528,0
2661,2026.08.07 00:00,7823.900000,7839.300000,7819.200000,7836.400000,19.8255633,0
2662,2026.08.07 04:00,7836.300000,7842.600000,7825.200000,7835.000000,19.6523088,0
2663,2026.08.07 08:00,7834.900000,7838.200000,7827.200000,7832.400000,19.0342867,0
2664,2026.08.07 12:00,7832.300000,7842.000000,7827.200000,7832.200000,18.7318377,0
2665,2026.08.07 16:00,7832.300000,7833.800000,7812.800000,7813.000000,18.8938493,0
2666,2026.08.07 20:00,7813.100000,7831.100000,7811.300000,7827.200000,18.9585743,0
2667,2026.08.08 00:00,7827.100000,7831.600000,7819.900000,7822.200000,18.4401047,0
2668,2026.08.08 04:00,7822.100000,7827.600000,7811.600000,7815.000000,18.2658115,0
2669,2026.08.08 08:00,7815.100000,7835.100000,7814.200000,7819.400000,18.4539679,0
2670,2026.08.08 12:00,7819.300000,7821.300000,7805.500000,7819.800000,18.2643987,0
2671,2026.08.08 16:00,7819.900000,7830.900000,7819.500000,7825.800000,17.7740845,0
2672,2026.08.08 20:00,7825.700000,7834.100000,7820.700000,7827.100000,17.4616499,0
2673,2026.08.09 00:00,7827.000000,7831.500000,7799.000000,7809.300000,18.5358178,0
2674,2026.08.09 04:00,7809.200000,7810.000000,7799.000000,7801.900000,17.9975451,0
2675,2026.08.09 08:00,7802.000000,7805.400000,7792.500000,7801.100000,17.6334347,0
2676,2026.08.09 12:00,7801.200000,7813.700000,7787.700000,7802.500000,18.2310465,0
2677,2026.08.09 16:00,7802.600000,7817.400000,7797.100000,7805.700000,18.3788289,0
2678,2026.08.09 20:00,7805.600000,7811.500000,7794.800000,7799.700000,18.2589126,0
2679,2026.08.10 00:00,7799.600000,7804.200000,7782.300000,7803.900000,18.5189902,0
2680,2026.08.10 04:00,7803.800000,7804.100000,7777.300000,7787.300000,19.1104909,0
2681,2026.08.10 08:00,7787.200000,7787.700000,7771.800000,7780.700000,18.8811702,0
2682,2026.08.10 12:00,7780.600000,7792.000000,7776.500000,7777.700000,18.6396580,0
2683,2026.08.10 16:00,7777.600000,7787.500000,7771.300000,7775.900000,18.4653967,0
2684,2026.08.10 20:00,7775.800000,7781.700000,7767.000000,7770.700000,18.1964398,0
2685,2026.08.11 00:00,7770.800000,7784.700000,7769.000000,7782.100000,18.0181227,0
2686,2026.08.11 04:00,7782.000000,7796.300000,7780.800000,7791.700000,17.8382568,0
2687,2026.08.11 08:00,7791.800000,7800.100000,7783.400000,7790.700000,17.7569527,0
2688,2026.08.11 12:00,7790.600000,7796.200000,7778.700000,7779.700000,17.7385990,0
2689,2026.08.11 16:00,7779.800000,7785.000000,7769.700000,7780.700000,17.5644133,0
2690,2026.08.11 20:00,7780.600000,7780.700000,7757.500000,7765.700000,17.9669552,0
2691,2026.08.12 00:00,7765.800000,7785.200000,7757.500000,7772.300000,18.6621727,0
2692,2026.08.12 04:00,7772.400000,7775.000000,7752.300000,7754.900000,18.9505889,0
2693,2026.08.12 08:00,7754.800000,7760.900000,7751.100000,7757.500000,18.2969754,0
2694,2026.08.12 12:00,7757.400000,7774.300000,7752.400000,7772.300000,18.5543343,0
2695,2026.08.12 16:00,7772.200000,7781.000000,7768.000000,7776.700000,18.1575962,0
2696,2026.08.12 20:00,7776.800000,7783.300000,7763.500000,7767.100000,18.2749107,0
2697,2026.08.13 00:00,7767.200000,7777.800000,7758.500000,7765.900000,18.3481314,0
2698,2026.08.13 04:00,7765.800000,7770.100000,7758.900000,7765.700000,17.8375506,0
2699,2026.08.13 08:00,7765.600000,7778.800000,7739.600000,7739.700000,19.3634398,0
2700,2026.08.13 12:00,7739.600000,7743.800000,7728.100000,7741.300000,19.1017656,0
2701,2026.08.13 16:00,7741.400000,7751.700000,7735.900000,7747.700000,18.8659252,0
2702,2026.08.13 20:00,7747.800000,7760.300000,7745.700000,7757.700000,18.5612162,0
2703,2026.08.14 00:00,7757.600000,7761.400000,7743.400000,7758.100000,18.5211293,0
2704,2026.08.14 04:00,7758.000000,7765.900000,7745.700000,7746.300000,18.6410487,0
2705,2026.08.14 08:00,7746.200000,7748.400000,7733.600000,7737.700000,18.3666881,0
2706,2026.08.14 12:00,7737.800000,7744.100000,7729.800000,7730.500000,18.0762103,0
2707,2026.08.14 16:00,7730.400000,7756.700000,7730.400000,7751.900000,18.6636239,0
2708,2026.08.14 20:00,7752.000000,7764.500000,7744.400000,7755.900000,18.7662222,0
2709,2026.08.15 00:00,7755.800000,7763.500000,7740.100000,7744.900000,19.0972063,0
2710,2026.08.15 04:00,7744.800000,7760.300000,7742.600000,7752.300000,18.9974059,0
2711,2026.08.15 08:00,7752.200000,7769.300000,7746.500000,7766.300000,19.2690197,0
2712,2026.08.15 12:00,7766.200000,7780.900000,7763.400000,7765.100000,19.1426612,0
2713,2026.08.15 16:00,7765.200000,7768.300000,7754.900000,7758.300000,18.7324711,0
2714,2026.08.15 20:00,7758.400000,7769.200000,7753.600000,7768.100000,18.5087232,0
2715,2026.08.16 00:00,7768.000000,7774.700000,7759.600000,7773.500000,18.2652429,0
2716,2026.08.16 04:00,7773.600000,7791.500000,7768.100000,7776.500000,18.6320113,0
2717,2026.08.16 08:00,7776.600000,7789.700000,7773.100000,7783.700000,18.4868676,0
2718,2026.08.16 12:00,7783.600000,7788.200000,7769.400000,7770.100000,18.5092342,0
2719,2026.08.16 16:00,7770.200000,7786.300000,7769.500000,7776.300000,18.3871461,0
2720,2026.08.16 20:00,7776.200000,7777.000000,7761.300000,7765.900000,18.1952071,0
2721,2026.08.17 00:00,7765.800000,7767.200000,7748.500000,7750.500000,18.2312637,0
2722,2026.08.17 04:00,7750.600000,7751.100000,7734.900000,7740.500000,18.0861734,0
2723,2026.08.17 08:00,7740.400000,7740.500000,7727.400000,7735.700000,17.7300182,0
2724,2026.08.17 12:00,7735.800000,7739.600000,7724.700000,7725.500000,17.5278740,0
2725,2026.08.17 16:00,7725.600000,7755.500000,7721.200000,7754.100000,18.7258830,0
2726,2026.08.17 20:00,7754.000000,7779.500000,7752.500000,7777.900000,19.3168914,0
2727,2026.08.18 00:00,7778.000000,7787.200000,7767.700000,7786.700000,19.3299706,0
2728,2026.08.18 04:00,7786.600000,7795.100000,7778.100000,7788.700000,19.1635441,0
2729,2026.08.18 08:00,7788.800000,7803.900000,7783.700000,7784.300000,19.2375767,0
2730,2026.08.18 12:00,7784.400000,7800.700000,7774.900000,7780.700000,19.7063212,0
2731,2026.08.18 16:00,7780.800000,7787.300000,7762.000000,7762.300000,20.1058697,0
2732,2026.08.18 20:00,7762.200000,7777.200000,7760.600000,7773.100000,19.8554504,0
2733,2026.08.19 00:00,7773.200000,7775.600000,7759.300000,7766.500000,19.6014897,0
2734,2026.08.19 04:00,7766.400000,7771.500000,7758.000000,7768.500000,19.1656690,0
2735,2026.08.19 08:00,7768.600000,7777.800000,7761.000000,7763.100000,18.9966926,0
2736,2026.08.19 12:00,7763.200000,7767.500000,7749.200000,7764.500000,18.9469289,0
2737,2026.08.19 16:00,7764.400000,7789.200000,7763.900000,7786.300000,19.4007197,0
2738,2026.08.19 20:00,7786.400000,7809.400000,7785.300000,7805.300000,19.7363825,0
2739,2026.08.20 00:00,7805.400000,7807.100000,7785.800000,7788.300000,19.8480695,0
2740,2026.08.20 04:00,7788.400000,7801.300000,7785.600000,7791.900000,19.5517788,0
2741,2026.08.20 08:00,7791.800000,7802.500000,7785.000000,7797.900000,19.4052232,0
2742,2026.08.20 12:00,7798.000000,7799.200000,7784.700000,7796.100000,19.0548501,0
2743,2026.08.20 16:00,7796.200000,7804.500000,7790.200000,7801.700000,18.7152180,0
2744,2026.08.20 20:00,7801.800000,7807.900000,7787.000000,7787.900000,18.8712738,0
2745,2026.08.21 00:00,7788.000000,7794.100000,7782.000000,7791.300000,18.3876114,0
2746,2026.08.21 04:00,7791.400000,7804.600000,7786.300000,7786.300000,18.3813534,0
2747,2026.08.21 08:00,7786.200000,7813.600000,7779.200000,7812.700000,19.5255425,0
2748,2026.08.21 12:00,7812.600000,7832.300000,7811.900000,7831.100000,19.5880037,0
2749,2026.08.21 16:00,7831.000000,7842.100000,7830.000000,7841.500000,19.0531463,0
2750,2026.08.21 20:00,7841.400000,7847.800000,7831.700000,7838.300000,18.8422073,0
2751,2026.08.22 00:00,7838.200000,7842.600000,7826.800000,7842.100000,18.6249068,0
2752,2026.08.22 04:00,7842.000000,7855.900000,7832.100000,7840.100000,18.9945563,0
2753,2026.08.22 08:00,7840.200000,7849.200000,7838.100000,7847.100000,18.4306594,0
2754,2026.08.22 12:00,7847.200000,7849.500000,7822.700000,7823.900000,19.0284695,0
2755,2026.08.22 16:00,7823.800000,7830.000000,7809.900000,7815.100000,19.1050074,0
2756,2026.08.22 20:00,7815.000000,7821.900000,7806.300000,7809.700000,18.8546497,0
2757,2026.08.23 00:00,7809.600000,7827.200000,7808.900000,7813.700000,18.8150319,0
2758,2026.08.23 04:00,7813.600000,7828.400000,7807.500000,7820.100000,18.9639581,0
2759,2026.08.23 08:00,7820.200000,7832.100000,7814.000000,7820.300000,18.9022469,0
2760,2026.08.23 12:00,7820.400000,7833.500000,7816.500000,7829.900000,18.7663721,0
2761,2026.08.23 16:00,7829.800000,7830.000000,7820.200000,7826.700000,18.1259169,0
2762,2026.08.23 20:00,7826.600000,7840.200000,7822.400000,7837.900000,18.1026371,0
2763,2026.08.24 00:00,7837.800000,7846.500000,7821.600000,7828.900000,18.5881631,0
2764,2026.08.24 04:00,7828.800000,7838.200000,7825.500000,7836.700000,18.1675800,0
2765,2026.08.24 08:00,7836.600000,7838.700000,7826.600000,7828.700000,17.7341814,0
2766,2026.08.24 12:00,7828.600000,7842.800000,7825.500000,7837.600000,17.7031685,0
2767,2026.08.24 16:00,7837.700000,7843.600000,7825.200000,7830.000000,17.7529421,0
2768,2026.08.24 20:00,7830.100000,7834.900000,7813.000000,7816.000000,18.0491606,0
2769,2026.08.25 00:00,7816.100000,7820.500000,7793.200000,7794.400000,18.7099348,0
2770,2026.08.25 04:00,7794.500000,7816.600000,7787.100000,7812.000000,19.4806537,0
2771,2026.08.25 08:00,7811.900000,7818.500000,7805.200000,7817.600000,19.0391785,0
2772,2026.08.25 12:00,7817.500000,7835.500000,7811.900000,7828.200000,19.3649514,0
2773,2026.08.25 16:00,7828.300000,7832.700000,7819.700000,7827.200000,18.9103121,0
2774,2026.08.25 20:00,7827.100000,7860.700000,7824.900000,7860.000000,20.1167183,0
2775,2026.08.26 00:00,7860.100000,7860.800000,7846.000000,7847.000000,19.7369527,0
2776,2026.08.26 04:00,7846.900000,7853.100000,7827.200000,7833.200000,20.1771704,0
2777,2026.08.26 08:00,7833.300000,7858.400000,7831.200000,7848.200000,20.6788011,0
2778,2026.08.26 12:00,7848.300000,7857.100000,7839.100000,7851.400000,20.4874582,0
2779,2026.08.26 16:00,7851.300000,7857.500000,7842.600000,7846.800000,20.0883540,0
2780,2026.08.26 20:00,7846.900000,7857.100000,7835.400000,7841.400000,20.2034716,0
2781,2026.08.27 00:00,7841.300000,7843.000000,7817.000000,7818.600000,20.6175093,0
2782,2026.08.27 04:00,7818.500000,7835.200000,7817.500000,7831.200000,20.4091158,0
2783,2026.08.27 08:00,7831.100000,7844.000000,7823.500000,7838.800000,20.4156075,0
2784,2026.08.27 12:00,7838.900000,7839.200000,7824.500000,7824.800000,20.0073498,0
2785,2026.08.27 16:00,7824.700000,7825.500000,7807.600000,7822.800000,19.8568249,0
2786,2026.08.27 20:00,7822.700000,7833.000000,7817.400000,7829.400000,19.5527659,0
2787,2026.08.28 00:00,7829.500000,7836.200000,7818.900000,7821.600000,19.3918541,0
2788,2026.08.28 04:00,7821.500000,7821.900000,7800.400000,7802.800000,19.5424359,0
2789,2026.08.28 08:00,7802.900000,7813.300000,7794.000000,7808.200000,19.5251191,0
2790,2026.08.28 12:00,7808.300000,7816.000000,7795.500000,7795.800000,19.5947534,0
2791,2026.08.28 16:00,7795.700000,7802.100000,7767.800000,7771.600000,20.6451282,0
2792,2026.08.28 20:00,7771.500000,7775.500000,7736.900000,7740.600000,21.9276190,0
2793,2026.08.29 00:00,7740.700000,7746.700000,7734.500000,7744.000000,21.2327891,0
2794,2026.08.29 04:00,7743.900000,7745.200000,7719.300000,7721.400000,21.5661613,0
2795,2026.08.29 08:00,7721.500000,7726.500000,7705.900000,7710.200000,21.4971498,0
2796,2026.08.29 12:00,7710.100000,7735.500000,7707.400000,7730.800000,21.9687819,0
2797,2026.08.29 16:00,7730.900000,7735.600000,7723.800000,7728.600000,21.2424404,0
2798,2026.08.29 20:00,7728.500000,7743.500000,7728.500000,7739.000000,20.7965518,0
2799,2026.08.30 00:00,7738.900000,7747.000000,7734.400000,7736.800000,20.2110838,0
2800,2026.08.30 04:00,7736.900000,7738.100000,7719.900000,7731.000000,20.0674350,0
2801,2026.08.30 08:00,7730.900000,7755.100000,7728.100000,7752.200000,20.5626182,0
2802,2026.08.30 12:00,7752.300000,7752.800000,7731.100000,7734.200000,20.6438597,0
2803,2026.08.30 16:00,7734.300000,7734.900000,7710.900000,7712.200000,20.8835840,0
2804,2026.08.30 20:00,7712.300000,7721.400000,7707.200000,7715.600000,20.4061852,0
2805,2026.08.31 00:00,7715.500000,7739.000000,7713.300000,7737.400000,20.7843148,0
2806,2026.08.31 04:00,7737.500000,7758.700000,7735.000000,7757.300000,20.9925780,0
2807,2026.08.31 08:00,7757.200000,7757.500000,7729.300000,7730.100000,21.5073939,0
2808,2026.08.31 12:00,7730.200000,7739.800000,7728.600000,7739.300000,20.7711515,0
2809,2026.08.31 16:00,7739.400000,7743.800000,7732.600000,7737.100000,20.0874978,0
2810,2026.08.31 20:00,7737.200000,7739.100000,7711.000000,7711.900000,20.6598194,0
2811,2026.09.01 00:00,7711.800000,7717.200000,7704.500000,7709.100000,20.0912609,0
2812,2026.09.01 04:00,7709.000000,7714.300000,7699.300000,7708.100000,19.7275994,0
2813,2026.09.01 08:00,7708.200000,7710.600000,7697.200000,7704.700000,19.2756280,0
2814,2026.09.01 12:00,7704.800000,7712.100000,7694.200000,7706.900000,19.1773688,0
2815,2026.09.01 16:00,7707.000000,7710.500000,7687.600000,7698.500000,19.4432711,0
2816,2026.09.01 20:00,7698.600000,7703.400000,7682.700000,7685.700000,19.5330374,0
2817,2026.09.02 00:00,7685.800000,7694.000000,7675.100000,7680.900000,19.4878205,0
2818,2026.09.02 04:00,7681.000000,7687.800000,7662.200000,7670.100000,19.9244047,0
2819,2026.09.02 08:00,7670.000000,7679.100000,7661.800000,7665.900000,19.7369472,0
2820,2026.09.02 12:00,7665.800000,7674.600000,7655.600000,7659.900000,19.6843081,0
2821,2026.09.02 16:00,7659.800000,7673.900000,7653.700000,7673.500000,19.7211433,0
2822,2026.09.02 20:00,7673.400000,7681.900000,7667.700000,7677.700000,19.3267759,0
2823,2026.09.03 00:00,7677.600000,7687.500000,7673.500000,7684.500000,18.9462919,0
2824,2026.09.03 04:00,7684.600000,7694.700000,7680.600000,7681.500000,18.6001282,0
2825,2026.09.03 08:00,7681.600000,7701.700000,7676.500000,7698.900000,19.0715476,0
2826,2026.09.03 12:00,7699.000000,7699.300000,7682.600000,7686.700000,18.9021514,0
2827,2026.09.03 16:00,7686.600000,7694.000000,7671.600000,7673.100000,19.1519977,0
2828,2026.09.03 20:00,7673.000000,7673.300000,7640.700000,7644.500000,20.1125693,0
2829,2026.09.04 00:00,7644.400000,7664.300000,7643.400000,7658.700000,20.1688143,0
2830,2026.09.04 04:00,7658.800000,7661.000000,7640.600000,7649.900000,20.1853276,0
2831,2026.09.04 08:00,7649.800000,7665.700000,7648.600000,7653.700000,19.9649471,0
2832,2026.09.04 12:00,7653.600000,7661.200000,7645.800000,7646.700000,19.6388794,0
2833,2026.09.04 16:00,7646.800000,7654.000000,7640.200000,7640.700000,19.2218166,0
2834,2026.09.04 20:00,7640.600000,7650.300000,7638.700000,7644.500000,18.6774011,0
2835,2026.09.05 00:00,7644.400000,7658.700000,7639.600000,7655.900000,18.7075868,0
2836,2026.09.05 04:00,7655.800000,7664.200000,7651.000000,7661.100000,18.3141877,0
2837,2026.09.05 08:00,7661.200000,7667.100000,7654.500000,7662.100000,17.9060314,0
2838,2026.09.05 12:00,7662.000000,7675.700000,7660.100000,7669.700000,17.7413149,0
2839,2026.09.05 16:00,7669.600000,7672.400000,7651.900000,7665.100000,17.9383638,0
2840,2026.09.05 20:00,7665.200000,7681.400000,7663.400000,7674.900000,17.9427664,0
2841,2026.09.06 00:00,7674.800000,7696.000000,7670.900000,7695.700000,18.4539974,0
2842,2026.09.06 04:00,7695.600000,7706.900000,7691.900000,7703.100000,18.2072833,0
2843,2026.09.06 08:00,7703.200000,7704.800000,7680.300000,7686.900000,18.6567631,0
2844,2026.09.06 12:00,7687.000000,7706.400000,7674.500000,7704.100000,19.6027086,0
2845,2026.09.06 16:00,7704.200000,7709.600000,7679.400000,7685.100000,20.3596579,0
2846,2026.09.06 20:00,7685.200000,7694.500000,7681.500000,7691.900000,19.8339681,0
2847,2026.09.07 00:00,7691.800000,7692.500000,7672.000000,7686.100000,19.8815418,0
2848,2026.09.07 04:00,7686.200000,7696.200000,7683.100000,7691.500000,19.3971460,0
2849,2026.09.07 08:00,7691.400000,7705.500000,7689.000000,7695.900000,19.1902070,0
2850,2026.09.07 12:00,7696.000000,7706.000000,7691.700000,7693.900000,18.8409065,0
2851,2026.09.07 16:00,7694.000000,7709.800000,7678.600000,7680.900000,19.7236989,0
2852,2026.09.07 20:00,7681.000000,7684.200000,7657.800000,7678.900000,20.2005775,0
2853,2026.09.08 00:00,7679.000000,7688.100000,7670.600000,7672.500000,20.0076791,0
2854,2026.09.08 04:00,7672.400000,7681.100000,7658.900000,7679.500000,20.1642735,0
2855,2026.09.08 08:00,7679.400000,7685.500000,7660.700000,7662.300000,20.4953968,0
2856,2026.09.08 12:00,7662.200000,7664.200000,7638.100000,7641.500000,20.8957256,0
2857,2026.09.08 16:00,7641.400000,7646.600000,7636.300000,7643.900000,20.1388880,0
2858,2026.09.08 20:00,7644.000000,7647.800000,7624.700000,7627.100000,20.3503960,0
2859,2026.09.09 00:00,7627.000000,7627.700000,7599.300000,7608.700000,20.9253678,0
2860,2026.09.09 04:00,7608.600000,7617.400000,7591.600000,7593.100000,21.2735558,0
2861,2026.09.09 08:00,7593.200000,7598.300000,7579.800000,7581.300000,21.0754446,0
2862,2026.09.09 12:00,7581.400000,7585.200000,7551.500000,7557.300000,21.9771986,0
2863,2026.09.09 16:00,7557.200000,7561.700000,7546.700000,7561.500000,21.4788273,0
2864,2026.09.09 20:00,7561.600000,7564.800000,7551.400000,7561.300000,20.9017682,0
2865,2026.09.10 00:00,7561.200000,7570.700000,7553.000000,7570.500000,20.6730705,0
2866,2026.09.10 04:00,7570.600000,7576.200000,7562.100000,7566.500000,20.2035654,0
2867,2026.09.10 08:00,7566.600000,7586.300000,7564.100000,7578.500000,20.3461679,0
2868,2026.09.10 12:00,7578.400000,7596.700000,7577.100000,7585.900000,20.2928702,0
2869,2026.09.10 16:00,7585.800000,7595.900000,7577.800000,7579.500000,20.1362366,0
2870,2026.09.10 20:00,7579.600000,7595.900000,7576.900000,7590.700000,20.0550768,0
2871,2026.09.11 00:00,7590.600000,7597.900000,7584.200000,7596.400000,19.6011428,0
2872,2026.09.11 04:00,7596.500000,7597.500000,7569.800000,7585.200000,20.1796326,0
2873,2026.09.11 08:00,7585.300000,7596.200000,7579.500000,7591.200000,19.9310874,0
2874,2026.09.11 12:00,7591.300000,7597.900000,7558.800000,7560.000000,21.3002954,0
2875,2026.09.11 16:00,7559.900000,7578.700000,7555.300000,7573.000000,21.4502743,0
2876,2026.09.11 20:00,7572.900000,7579.800000,7562.200000,7568.600000,21.1752547,0
2877,2026.09.12 00:00,7568.500000,7570.000000,7546.100000,7564.600000,21.3698794,0
2878,2026.09.12 04:00,7564.500000,7566.600000,7543.500000,7557.200000,21.4934594,0
2879,2026.09.12 08:00,7557.100000,7568.900000,7552.200000,7568.400000,21.1510695,0
2880,2026.09.12 12:00,7568.300000,7581.100000,7566.200000,7577.000000,20.7045645,0
2881,2026.09.12 16:00,7577.100000,7577.800000,7557.200000,7559.200000,20.6970956,0
2882,2026.09.12 20:00,7559.300000,7580.600000,7556.900000,7580.400000,20.9115888,0
2883,2026.09.13 00:00,7580.500000,7594.900000,7577.600000,7581.400000,20.6536182,0
2884,2026.09.13 04:00,7581.500000,7587.000000,7564.400000,7569.800000,20.7926454,0
2885,2026.09.13 08:00,7569.900000,7584.900000,7565.800000,7580.600000,20.6717422,0
2886,2026.09.13 12:00,7580.500000,7581.600000,7554.400000,7571.000000,21.1380463,0
2887,2026.09.13 16:00,7570.900000,7571.800000,7553.800000,7562.800000,20.9139002,0
2888,2026.09.13 20:00,7562.900000,7565.900000,7552.800000,7564.400000,20.3557644,0
2889,2026.09.14 00:00,7564.300000,7571.500000,7554.300000,7563.800000,20.1303527,0
2890,2026.09.14 04:00,7563.700000,7574.000000,7560.300000,7567.600000,19.6710418,0
2891,2026.09.14 08:00,7567.700000,7574.000000,7553.300000,7553.400000,19.7445388,0
2892,2026.09.14 12:00,7553.500000,7575.400000,7545.000000,7568.600000,20.5056432,0
2893,2026.09.14 16:00,7568.700000,7573.900000,7559.200000,7567.800000,20.0909544,0
2894,2026.09.14 20:00,7567.900000,7582.100000,7563.500000,7575.800000,19.9844576,0
2895,2026.09.15 00:00,7575.700000,7578.600000,7562.100000,7565.200000,19.7355678,0
2896,2026.09.15 04:00,7565.300000,7580.800000,7562.000000,7575.000000,19.6687415,0
2897,2026.09.15 08:00,7574.900000,7587.000000,7573.900000,7582.400000,19.1995457,0
2898,2026.09.15 12:00,7582.300000,7596.600000,7581.000000,7581.200000,18.9424353,0
2899,2026.09.15 16:00,7581.100000,7585.800000,7563.200000,7578.400000,19.2036899,0
2900,2026.09.15 20:00,7578.500000,7586.700000,7576.700000,7582.200000,18.5462835,0
2901,2026.09.16 00:00,7582.300000,7593.200000,7574.100000,7582.600000,18.5858347,0
2902,2026.09.16 04:00,7582.700000,7586.900000,7571.500000,7580.800000,18.3582751,0
2903,2026.09.16 08:00,7580.900000,7581.200000,7571.600000,7574.000000,17.7326840,0
2904,2026.09.16 12:00,7574.100000,7585.300000,7572.200000,7582.400000,17.4017780,0
2905,2026.09.16 16:00,7582.300000,7592.200000,7576.400000,7590.200000,17.2873653,0
2906,2026.09.16 20:00,7590.300000,7599.900000,7581.800000,7583.400000,17.3454106,0
2907,2026.09.17 00:00,7583.500000,7588.100000,7577.400000,7583.000000,16.8707384,0
2908,2026.09.17 04:00,7582.900000,7583.800000,7556.900000,7569.600000,17.5871142,0
2909,2026.09.17 08:00,7569.500000,7573.500000,7560.200000,7569.400000,17.2808918,0
2910,2026.09.17 12:00,7569.500000,7570.000000,7558.700000,7567.200000,16.8536852,0
2911,2026.09.17 16:00,7567.100000,7575.200000,7548.400000,7550.600000,17.5641363,0
2912,2026.09.17 20:00,7550.500000,7554.300000,7540.400000,7546.200000,17.3024123,0
2913,2026.09.18 00:00,7546.300000,7549.600000,7533.400000,7542.200000,17.2236685,0
2914,2026.09.18 04:00,7542.100000,7554.400000,7534.000000,7554.400000,17.4505494,0
2915,2026.09.18 08:00,7554.300000,7565.400000,7545.800000,7564.000000,17.6040815,0
2916,2026.09.18 12:00,7563.900000,7587.100000,7563.800000,7571.800000,18.0109329,0
2917,2026.09.18 16:00,7571.700000,7585.700000,7568.700000,7582.000000,17.9387234,0
2918,2026.09.18 20:00,7582.100000,7582.600000,7567.500000,7578.200000,17.7359574,0
2919,2026.09.19 00:00,7578.300000,7582.800000,7561.800000,7561.800000,17.9691033,0
2920,2026.09.19 04:00,7561.700000,7583.300000,7556.500000,7568.600000,18.5998817,0
2921,2026.09.19 08:00,7568.500000,7574.100000,7556.100000,7557.400000,18.5570330,0
2922,2026.09.19 12:00,7557.500000,7560.400000,7539.800000,7552.600000,18.7029592,0
2923,2026.09.19 16:00,7552.500000,7557.200000,7546.300000,7551.200000,18.1456050,0
2924,2026.09.19 20:00,7551.300000,7559.600000,7547.700000,7553.400000,17.6994903,0
2925,2026.09.20 00:00,7553.300000,7572.500000,7550.700000,7565.200000,17.9923839,0
2926,2026.09.20 04:00,7565.100000,7570.300000,7553.800000,7562.400000,17.8857850,0
2927,2026.09.20 08:00,7562.300000,7581.400000,7553.900000,7580.200000,18.5725147,0
2928,2026.09.20 12:00,7580.100000,7581.100000,7551.200000,7554.800000,19.3816208,0
2929,2026.09.20 16:00,7554.900000,7555.300000,7532.800000,7536.000000,19.6043621,0
2930,2026.09.20 20:00,7535.900000,7539.100000,7526.500000,7529.200000,19.1040505,0
2931,2026.09.21 00:00,7529.100000,7531.700000,7513.300000,7523.800000,19.0537612,0
2932,2026.09.21 04:00,7523.900000,7524.400000,7505.900000,7513.600000,19.0142068,0
2933,2026.09.21 08:00,7513.500000,7516.900000,7499.400000,7500.600000,18.9060492,0
2934,2026.09.21 12:00,7500.500000,7505.900000,7492.400000,7500.200000,18.5199028,0
2935,2026.09.21 16:00,7500.100000,7503.400000,7475.300000,7479.400000,19.2041955,0
2936,2026.09.21 20:00,7479.500000,7481.700000,7468.900000,7474.800000,18.7467530,0
2937,2026.09.22 00:00,7474.900000,7484.900000,7464.500000,7482.400000,18.8648420,0
2938,2026.09.22 04:00,7482.500000,7494.100000,7476.600000,7490.200000,18.7673533,0
2939,2026.09.22 08:00,7490.100000,7492.900000,7471.300000,7471.800000,18.9696852,0
2940,2026.09.22 12:00,7471.700000,7478.700000,7445.700000,7446.000000,19.9718506,0
2941,2026.09.22 16:00,7446.100000,7452.800000,7437.500000,7438.600000,19.6381470,0
2942,2026.09.22 20:00,7438.500000,7443.400000,7432.000000,7435.800000,19.0497079,0
2943,2026.09.23 00:00,7435.700000,7440.000000,7427.600000,7437.000000,18.5747288,0
2944,2026.09.23 04:00,7437.100000,7450.400000,7429.500000,7448.400000,18.7408196,0
2945,2026.09.23 08:00,7448.500000,7449.600000,7428.500000,7429.200000,18.9093324,0
2946,2026.09.23 12:00,7429.100000,7437.600000,7406.900000,7414.000000,19.7515230,0
2947,2026.09.23 16:00,7414.100000,7415.700000,7401.400000,7409.800000,19.3621285,0
2948,2026.09.23 20:00,7409.900000,7424.200000,7409.400000,7421.400000,19.0362622,0
2949,2026.09.24 00:00,7421.500000,7424.200000,7406.700000,7416.000000,18.9265292,0
2950,2026.09.24 04:00,7415.900000,7421.600000,7402.500000,7404.800000,18.9389199,0
2951,2026.09.24 08:00,7404.900000,7417.300000,7403.000000,7404.600000,18.6075685,0
2952,2026.09.24 12:00,7404.700000,7427.900000,7401.300000,7425.200000,19.1784565,0
2953,2026.09.24 16:00,7425.100000,7426.600000,7409.700000,7413.400000,19.0157096,0
2954,2026.09.24 20:00,7413.500000,7415.700000,7400.900000,7404.000000,18.7145875,0
2955,2026.09.25 00:00,7404.100000,7414.300000,7399.800000,7405.000000,18.4135455,0
2956,2026.09.25 04:00,7404.900000,7425.200000,7400.700000,7425.000000,18.8482923,0
2957,2026.09.25 08:00,7424.900000,7429.500000,7414.600000,7422.400000,18.5662714,0
2958,2026.09.25 12:00,7422.300000,7432.200000,7412.400000,7412.800000,18.6543949,0
2959,2026.09.25 16:00,7412.700000,7417.800000,7404.600000,7416.200000,18.2647952,0
2960,2026.09.25 20:00,7416.100000,7423.400000,7395.500000,7399.400000,18.9530241,0
2961,2026.09.26 00:00,7399.300000,7402.300000,7382.600000,7395.200000,19.0063796,0
2962,2026.09.26 04:00,7395.300000,7401.800000,7389.700000,7399.000000,18.5130667,0
2963,2026.09.26 08:00,7398.900000,7427.200000,7398.600000,7425.800000,19.2335620,0
2964,2026.09.26 12:00,7425.900000,7430.900000,7417.100000,7424.200000,18.8454504,0
2965,2026.09.26 16:00,7424.300000,7425.800000,7406.000000,7411.600000,18.9136325,0
2966,2026.09.26 20:00,7411.500000,7413.800000,7396.200000,7407.800000,18.8198016,0
2967,2026.09.27 00:00,7407.900000,7415.900000,7394.000000,7395.200000,19.0398158,0
2968,2026.09.27 04:00,7395.300000,7395.600000,7375.900000,7384.000000,19.0869718,0
2969,2026.09.27 08:00,7383.900000,7406.800000,7378.000000,7403.200000,19.7807595,0
2970,2026.09.27 12:00,7403.100000,7409.700000,7380.600000,7381.200000,20.4464196,0
2971,2026.09.27 16:00,7381.100000,7386.600000,7368.900000,7369.000000,20.2502467,0
2972,2026.09.27 20:00,7368.900000,7372.600000,7340.400000,7349.400000,21.1038005,0
2973,2026.09.28 00:00,7349.300000,7356.800000,7341.600000,7345.400000,20.6821005,0
2974,2026.09.28 04:00,7345.300000,7348.300000,7329.000000,7330.800000,20.5833790,0
2975,2026.09.28 08:00,7330.900000,7332.600000,7314.400000,7318.400000,20.4131377,0
2976,2026.09.28 12:00,7318.300000,7334.900000,7318.100000,7322.200000,20.1550564,0
2977,2026.09.28 16:00,7322.100000,7331.800000,7320.800000,7328.200000,19.5011238,0
2978,2026.09.28 20:00,7328.300000,7336.300000,7323.200000,7330.800000,19.0439007,0
2979,2026.09.29 00:00,7330.700000,7339.000000,7324.100000,7332.400000,18.7479078,0
2980,2026.09.29 04:00,7332.300000,7338.200000,7309.900000,7313.600000,19.4302001,0
2981,2026.09.29 08:00,7313.700000,7317.100000,7292.500000,7300.800000,19.7994715,0
2982,2026.09.29 12:00,7300.700000,7327.000000,7300.400000,7326.800000,20.2852235,0
2983,2026.09.29 16:00,7326.900000,7330.000000,7305.200000,7315.400000,20.6077076,0
2984,2026.09.29 20:00,7315.300000,7338.100000,7315.200000,7336.000000,20.7714427,0
2985,2026.09.30 00:00,7336.100000,7347.500000,7332.300000,7343.400000,20.3734825,0
2986,2026.09.30 04:00,7343.300000,7349.100000,7332.900000,7341.000000,20.0753767,0
2987,2026.09.30 08:00,7340.900000,7355.100000,7335.300000,7338.600000,20.0557069,0
2988,2026.09.30 12:00,7338.500000,7339.200000,7319.700000,7323.600000,20.0160135,0
2989,2026.09.30 16:00,7323.700000,7324.100000,7309.300000,7310.800000,19.6434411,0
2990,2026.09.30 20:00,7310.700000,7316.500000,7297.700000,7315.400000,19.5831953,0
2991,2026.10.01 00:00,7315.500000,7331.000000,7308.700000,7329.600000,19.7772528,0
2992,2026.10.01 04:00,7329.700000,7330.000000,7305.000000,7309.200000,20.1503062,0
2993,2026.10.01 08:00,7309.100000,7316.700000,7302.900000,7311.800000,19.6967129,0
2994,2026.10.01 12:00,7311.900000,7336.000000,7310.900000,7335.800000,20.0826620,0
2995,2026.10.01 16:00,7335.900000,7336.500000,7311.000000,7315.000000,20.4696147,0
2996,2026.10.01 20:00,7314.900000,7320.100000,7295.600000,7295.800000,20.7574994,0
2997,2026.10.02 00:00,7295.700000,7321.900000,7292.400000,7318.200000,21.3819637,0
2998,2026.10.02 04:00,7318.300000,7320.400000,7308.500000,7314.400000,20.7046806,0
2999,2026.10.02 08:00,7314.500000,7316.400000,7293.600000,7294.400000,20.8543462,0
